
./out/firmware.elf:     file format elf32-littletc32
./out/firmware.elf
architecture: tc32, flags 0x00000112:
EXEC_P, HAS_SYMS, D_PAGED
start address 0x00000000

Program Header:
    LOAD off    0x00008000 vaddr 0x00000000 paddr 0x00000000 align 2**15
         filesz 0x00003e80 memsz 0x00003e80 flags r-x
    LOAD off    0x0000be80 vaddr 0x00843e80 paddr 0x00003e80 align 2**15
         filesz 0x00002ea0 memsz 0x00002ea0 flags rw-
    LOAD off    0x00010000 vaddr 0x00008000 paddr 0x00008000 align 2**15
         filesz 0x00010f98 memsz 0x00010f98 flags r-x
    LOAD off    0x00028900 vaddr 0x00848900 paddr 0x00018f98 align 2**15
         filesz 0x00000028 memsz 0x00003c21 flags rw-
private flags = 0: [APCS-32] [FPA float format]

Sections:
Idx Name          Size      VMA       LMA       File off  Algn
  0 .vectors      00000150  00000000  00000000  00008000  2**4
                  CONTENTS, ALLOC, LOAD, READONLY, CODE
  1 .ram_code     00003d30  00000150  00000150  00008150  2**4
                  CONTENTS, ALLOC, LOAD, READONLY, CODE
  2 .text         0000a4d0  00008000  00008000  00010000  2**4
                  CONTENTS, ALLOC, LOAD, READONLY, CODE
  3 .rodata       00006ac8  000124d0  000124d0  0001a4d0  2**2
                  CONTENTS, ALLOC, LOAD, READONLY, DATA
  4 .retention_data 00002ea0  00843e80  00003e80  0000be80  2**2
                  CONTENTS, ALLOC, LOAD, DATA
  5 .data         00000028  00848900  00018f98  00028900  2**2
                  CONTENTS, ALLOC, LOAD, DATA
  6 .bss          00003bf1  00848930  00018fc8  00028928  2**4
                  ALLOC
  7 .comment      0000001a  00000000  00000000  00028928  2**0
                  CONTENTS, READONLY
  8 .TC32.attributes 00000010  00000000  00000000  00028942  2**0
                  CONTENTS, READONLY
SYMBOL TABLE:
00000000 l    d  .vectors	00000000 .vectors
00000150 l    d  .ram_code	00000000 .ram_code
00008000 l    d  .text	00000000 .text
000124d0 l    d  .rodata	00000000 .rodata
00843e80 l    d  .retention_data	00000000 .retention_data
00848900 l    d  .data	00000000 .data
00848930 l    d  .bss	00000000 .bss
00000000 l    d  .comment	00000000 .comment
00000000 l    d  .TC32.attributes	00000000 .TC32.attributes
00000180 l       *ABS*	00000000 IRQ_STK_SIZE
0000004c l       .vectors	00000000 __suspend_data
00000050 l       .vectors	00000000 SET_BOOT
00000062 l       .vectors	00000000 SET_BOOT_END
00000118 l       .vectors	00000000 BOOT_SEL_D
00000062 l       .vectors	00000000 FLASH_WAKEUP_BEGIN
00000114 l       .vectors	00000000 FLASH_RECOVER
00000070 l       .vectors	00000000 TNOP
0000007a l       .vectors	00000000 FLASH_WAKEUP_END
00000108 l       .vectors	00000000 FLL_D
00000080 l       .vectors	00000000 FLL_STK
0000008a l       .vectors	00000000 FLL_STK_END
000000dc l       .vectors	00000000 DAT0
000000a0 l       .vectors	00000000 ZERO
000000aa l       .vectors	00000000 ZERO_END
000000ae l       .vectors	00000000 ZERO_TAG
000000b8 l       .vectors	00000000 ZERO_TAG_END
000000b8 l       .vectors	00000000 SETIC
000000fc l       .vectors	00000000 DATA_I
000000c8 l       .vectors	00000000 COPY_DATA
000000d6 l       .vectors	00000000 COPY_DATA_END
00848930 l     O .bss	00000180 irq_stk
00000000 l    df *ABS*	00000000 analog.c
00000000 l    df *ABS*	00000000 clock.c
00000000 l    df *ABS*	00000000 flash.c
000001f8 l     F .ram_code	00000040 flash_send_addr
00000238 l     F .ram_code	0000002c flash_send_cmd
00000264 l     F .ram_code	00000044 flash_wait_done
00000000 l    df *ABS*	00000000 timer.c
000004da l       .ram_code	00000000 MZ_MUL2_LOOP
00000444 l       .ram_code	00000000 MZ_MUL2_START
000004fc l       .ram_code	00000000 MZ_MUL2_LOOP2
000004ea l       .ram_code	00000000 MZ_MUL2_START2
00000504 l       .ram_code	00000000 MZ_MUL2_END
0000052e l       .ram_code	00000000 CRC24_SAVE_WORD_NUM
00000536 l       .ram_code	00000000 CRC24_BYTE_LOOP
00000556 l       .ram_code	00000000 CRC24_BYTE_END
000005d4 l       .ram_code	00000000 CRC24_END
00000564 l       .ram_code	00000000 CRC24_WORD_LOOP
000005d0 l       .ram_code	00000000 CRC24_WORD_END
0000056e l       .ram_code	00000000 CRC24_WORD_nib0
00000580 l       .ram_code	00000000 CRC24_WORD_nib1
00000586 l       .ram_code	00000000 CRC24_WORD_nib2
00000598 l       .ram_code	00000000 CRC24_WORD_nib3
0000059e l       .ram_code	00000000 CRC24_WORD_nib4
000005b0 l       .ram_code	00000000 CRC24_WORD_nib5
000005b6 l       .ram_code	00000000 CRC24_WORD_nib6
000005c8 l       .ram_code	00000000 CRC24_WORD_nib7
00000000 l    df *ABS*	00000000 app.c
00000000 l    df *ABS*	00000000 battery.c
00000000 l    df *ABS*	00000000 ble.c
000128f4 l     O .rodata	00000011 hex.8536
00000000 l    df *ABS*	00000000 etime.c
00000000 l    df *ABS*	00000000 epd_spi.c
00000000 l    df *ABS*	00000000 epd.c
00009d90 l     F .text	000000f4 draw_watch_digit.clone.0
00012a54 l     O .rodata	0000000a segments.9056
00000000 l    df *ABS*	00000000 epd_bwr_154.c
000159a8 l     O .rodata	00000099 LUT_bwr_154_part
00000000 l    df *ABS*	00000000 ota.c
00000000 l    df *ABS*	00000000 led.c
00000000 l    df *ABS*	00000000 main.c
00000000 l    df *ABS*	00000000 pm.c
0000d7a4 l     F .text	00000010 irq_disable
0000d7c0 l     F .text	00000016 get_sp_normal
0000d7d0 l       .text	00000000 MYSEC
0000d7e0 l     F .text	00000060 pwm_kick_32k_pad.clone.1
0000d840 l     F .text	00000046 pwm_kick_32k_pad_times.clone.0
0000d8a0 l     F .text	00000130 cpu_wakeup_no_deepretn_back_init
00000000 l    df *ABS*	00000000 pm_32k_rc.c
00000000 l    df *ABS*	00000000 rf_drv.c
00000000 l    df *ABS*	00000000 random.c
00000000 l    df *ABS*	00000000 ll.c
00000000 l    df *ABS*	00000000 ll_adv.c
00000000 l    df *ABS*	00000000 ll_pm.c
00000000 l    df *ABS*	00000000 ll_whitelist.c
00000000 l    df *ABS*	00000000 ll_conn.c
00000000 l    df *ABS*	00000000 ll_slave.c
00846b20 l     O .retention_data	00000004 bls_brxDisableNearestBrxT
00000000 l    df *ABS*	00000000 putchar.c
00000000 l    df *ABS*	00000000 u_printf.c
00008004 l     F .text	0000001a printchar
00008020 l     F .text	0000009a prints
000080bc l     F .text	000000c6 printi
00008184 l     F .text	00000168 print
00848ab0 l     O .bss	00000400 my_printf_buff.3607
00000000 l    df *ABS*	00000000 string.c
00000000 l    df *ABS*	00000000 utility.c
00000000 l    df *ABS*	00000000 blt_common.c
00012510 l     O .rodata	00000006 C.2.4713
00000000 l    df *ABS*	00000000 adc.c
00000000 l    df *ABS*	00000000 gpio_8258.c
00008d44 l     F .text	00000764 gpio_set_mux
00000000 l    df *ABS*	00000000 i2c.c
00000000 l    df *ABS*	00000000 uart.c
00000000 l    df *ABS*	00000000 app_att.c
00012518 l     O .rodata	00000002 my_tempCharUUID
0001251a l     O .rodata	00000002 my_OtaServiceUUID
0001251c l     O .rodata	00000005 my_RxTxCharVal
00848eb0 l     O .bss	00000002 my_EPD_BLEInCCC
00012524 l     O .rodata	00000002 my_gattServiceUUID
00012528 l     O .rodata	00000008 my_periConnParameters
00012530 l     O .rodata	00000002 my_periConnParamUUID
00012534 l     O .rodata	00000005 my_appearanceCharVal
0001253c l     O .rodata	00000005 my_serviceChangeCharVal
00848eb4 l     O .bss	00000002 batteryValueInCCC
00012544 l     O .rodata	00000002 my_batServiceUUID
00012548 l     O .rodata	00000005 my_OtaCharVal
00012550 l     O .rodata	00000002 my_devNameUUID
00012552 l     O .rodata	00000002 my_RxTxUUID
00012554 l     O .rodata	00000002 my_gapServiceUUID
00012558 l     O .rodata	00000005 my_devNameCharVal
00012560 l     O .rodata	00000010 my_EPD_BLEUUID
00012570 l     O .rodata	00000002 my_primaryServiceUUID
00012574 l     O .rodata	00000005 my_batCharVal
0001257c l     O .rodata	00000002 my_batCharUUID
0001257e l     O .rodata	00000002 serviceChangeUUID
00848eb8 l     O .bss	00000004 serviceChangeVal
00848ebc l     O .bss	00000002 RxTxValueInCCC
00012580 l     O .rodata	00000008 my_devName
00012588 l     O .rodata	00000002 clientCharacterCfgUUID
0001258c l     O .rodata	00000005 my_tempCharVal
00848ec0 l     O .bss	00000001 my_OtaData
00012594 l     O .rodata	00000300 my_Attributes
000128ba l     O .rodata	00000002 my_characterUUID
000128bc l     O .rodata	00000002 my_appearanceUIID
000128b8 l     O .rodata	00000002 my_appearance
000128c0 l     O .rodata	00000005 my_periConnParamCharVal
00848ec4 l     O .bss	00000002 serviceChangeCCC
000128c8 l     O .rodata	00000002 my_tempServiceUUID
00848ed0 l     O .bss	00000002 tempValueInCCC
000128ca l     O .rodata	00000002 my_OtaUUID
00848ec8 l     O .bss	00000002 my_OtaCCC
000128cc l     O .rodata	00000002 my_RxTx_ServiceUUID
00848ecc l     O .bss	00000001 my_RxTx_Data
00012894 l     O .rodata	00000010 my_EPD_BLE_ServiceUUID
000128a4 l     O .rodata	00000013 my_EPD_BLECharVal
00848ecd l     O .bss	00000001 my_EPD_BLE_Data
00000000 l    df *ABS*	00000000 epd_ble_service.c
00000000 l    df *ABS*	00000000 i2c.c
00000000 l    df *ABS*	00000000 cmd_parser.c
00000000 l    df *ABS*	00000000 flash.c
00000000 l    df *ABS*	00000000 uart.c
00000000 l    df *ABS*	00000000 tiffg4.c
0000a33c l     F .text	00000036 seekMem
0000a374 l     F .text	00000192 TIFFGetMoreData
0000a508 l     F .text	00000084 readMem
00015c48 l     O .rodata	00000800 white_s
00016448 l     O .rodata	00000100 ucMirror
00016548 l     O .rodata	00000800 black_l
00016d48 l     O .rodata	00000080 code_table
00016ec8 l     O .rodata	00000100 black_s
00000000 l    df *ABS*	00000000 one_bit_display.c
0000ba98 l     F .text	00000024 obdCachedFlush
0000babc l     F .text	00000038 obdCachedWrite
00848eda l     O .bss	00000001 u8End
00848edc l     O .bss	000000c0 u8Cache
00000000 l    df *ABS*	00000000 att.c
0000dbe4 l     F .text	000000a0 l2cap_att_search
00000000 l    df *ABS*	00000000 gatt.c
00000000 l    df *ABS*	00000000 gap.c
00000000 l    df *ABS*	00000000 gap_event.c
00000000 l    df *ABS*	00000000 l2cap.c
00000000 l    df *ABS*	00000000 ll_scan.c
00848fb8 l     O .bss	00000004 tick_scan.5697
00848fc0 l     O .bss	00000004 bls_scan_num.5696
00000000 l    df *ABS*	00000000 ll_conn_csa.c
00000000 l    df *ABS*	00000000 ll_conn_phy.c
00000000 l    df *ABS*	00000000 phy.c
00000000 l    df *ABS*	00000000 ble_ll_ota.c
00000000 l    df *ABS*	00000000 smp.c
00018ed8 l     O .rodata	00000019 gen_method_sc
00018ef4 l     O .rodata	00000019 gen_method_legacy
00000000 l    df *ABS*	00000000 smp_peripheral.c
00000000 l    df *ABS*	00000000 smp_storage.c
00018f88 l     O .rodata	00000010 C.9.7694
00846cfc l     O .retention_data	00000004 smp_param_current_start_addr
00846d04 l     O .retention_data	00000004 smp_param_next_start_addr
00000000 l    df *ABS*	00000000 aes_ccm.c
00000000 l    df *ABS*	00000000 hci.c
00000000 l    df *ABS*	00000000 hci_event.c
00000000 l    df *ABS*	00000000 rf_pa.c
00000000 l    df *ABS*	00000000 usbaud.c
00008b04 g     F .text	0000009a doubler_calibration
00846b48 g     O .retention_data	00000004 enc_ivm
00002530 g     F .ram_code	00000060 rf_set_power_level_index
00008000 g     F .text	00000004 putchar
00001c00 g     F .ram_code	00000080 set_led_mask
00848fd8 g     O .bss	00000025 obd
00846b58 g     O .retention_data	00000004 ll_phy_switch_cb
00003680 g     F .ram_code	000000de blt_ll_start_common
00011198 g     F .text	00000322 bls_smp_pushPkt
0000f86c g     F .text	000000de bls_pm_procGpioEarlyWakeup
00001214 g     F .ram_code	00000028 epd_set_sleep
00008720 g     F .text	00000052 adc_set_ain_pre_scaler
0084c521 g       *ABS*	00000000 _end_bss_
0000859c g     F .text	00000054 adc_set_tsample_cycle
008468f0 g     O .retention_data	0000002b pkt_scan_rsp
00848fa4 g     O .bss	00000001 txPower_index
000088e0 g     F .text	0000016c adc_sample_and_get_result
00001034 g     F .ram_code	000000e4 TIFFDraw
0000eca4 g     F .text	000001ca blc_l2cap_pushData_2_controller
00846d18 g     O .retention_data	00000004 blc_hci_tx_handler
00848fa8 g     O .bss	00000004 sdk_mainLoop_run_flag
00846a20 g     O .retention_data	00000004 blt_pconn
00843e8c g     O .retention_data	00000002 battery_mv
00846a1c g     O .retention_data	00000004 ll_push_tx_fifo_handler
00848914 g     O .data	0000000c map
000005e0 g     F .ram_code	00000014 user_init_normal
0000fd7c g     F .text	00000034 blc_calc_remapping_table
00002e5c g     F .ram_code	000000bc blc_ll_recoverDeepRetention
00017548 g     O .rodata	00001800 ucBigFont
00001b6c g     F .ram_code	00000094 set_led_color
008468c0 g     O .retention_data	00000004 ll_module_adv_cb
00012a60 g     O .rodata	00000520 Dialog_plain_16_zh_Bitmaps
00018eb8 g     O .rodata	00000010 att_access_err_no_enc
00846494 g     O .retention_data	00000002 tick_32k_calib
00846c1c g     O .retention_data	00000004 func_smp_init
0000e97c g     F .text	00000088 blc_gap_peripheral_mainloop
00843ec4 g     O .retention_data	00000011 advertising_data
00000f60 g     F .ram_code	00000034 EPD_CheckStatus
00018eac g     O .rodata	0000000b pkt_writeRsp
00010f38 g     F .text	0000000c blc_smp_setSecurityLevel
00009b70 g     F .text	00000160 cmd_parser
000008d0 g     F .ram_code	0000002e get_battery_mv
00846934 g     O .retention_data	00000004 ll_module_pm_cb
00846630 g     O .retention_data	00000012 ble_devName
0000d888 g     F .text	00000018 pm_get_info1
0000f860 g     F .text	0000000c bls_pm_setSuspendMask
00002fd0 g     F .ram_code	00000116 bls_ll_procRxPacket
0000123c g     F .ram_code	00000028 epd_state_handler
00000344 g     F .ram_code	00000078 flash_read_page
000114bc g     F .text	000000c0 bls_smp_sendInfo
00846b24 g     O .retention_data	00000008 enc_skds
00002f50 g     F .ram_code	0000006c blc_ll_initBasicMCU
0000f854 g     F .text	0000000c bls_pm_setWakeupSource
0000ea04 g     F .text	00000044 blc_gap_peripheral_conn_terminate_handler
00018fc0 g       *ABS*	00000000 _bin_size_
00001de4 g     F .ram_code	0000003c start_reboot
00011e8c g     F .text	0000005c aes_ll_c1
00846648 g     O .retention_data	00000004 blc_gap_event_handler
00009ea8 g     F .text	000002a8 epd_display_time_with_date
00011cc8 g     F .text	00000128 bls_smp_param_saveBondingInfo
0084647c g     O .retention_data	00000004 func_before_suspend
00011a9c g     F .text	00000078 smp_erase_flash_sector
00000b04 g     F .ram_code	00000010 ble_get_ota_started
00846cd8 g     O .retention_data	00000001 smp_DistributeKeyInit
00846d00 g     O .retention_data	00000004 bond_device_flash_cfg_idx
00000000         *UND*	00000000 ev_buf_free
0084662e g     O .retention_data	00000002 blt_indicate_handle
00846d10 g     O .retention_data	00000004 hci_le_eventMask
008467c4 g     O .retention_data	00000004 ll_host_main_loop_cb
008443c0 g     O .retention_data	0000001c current_date
0084c520 g     O .bss	00000001 blt_dma_tx_rptr
00001d30 g     F .ram_code	000000b4 sleep_start
00000050 g       .vectors	00000000 __reset
00009928 g     F .text	00000010 my_att_init
00009734 g     F .text	00000048 i2c_master_init
00001008 g     F .ram_code	0000002a EPD_LoadImage
008443e0 g     O .retention_data	0000000a has_ever_reached
0000e7ac g     F .text	0000012c bls_att_pushNotifyData
000030e8 g     F .ram_code	0000045e blt_brx_sleep
00000000         *UND*	00000000 hci_rx_fifo
0000e948 g     F .text	00000032 blc_gap_peripheral_conn_complete_handler
00012f80 g     O .rodata	00000446 Dialog_plain_16Bitmaps
00015714 g     O .rodata	00000292 DSEG14_Classic_Mini_Regular_40Glyphs
00846650 g     O .retention_data	00000004 att_sig_hander
008443a0 g     O .retention_data	00000012 settings
00017268 g     O .rodata	000001e0 ucSmallFont
00848fb4 g     O .bss	00000004 blc_ll_procScanPktCb
00846b9c g     O .retention_data	00000004 ota_adr_index
0084688c g     O .retention_data	00000004 pFunc_ll_SetAdv_Enable
00000e3c g     F .ram_code	000000b4 EPD_SPI_read
00846b04 g     O .retention_data	00000004 pkt_slave_terminate
00843e80 g     O .retention_data	00000004 adc_vref_cfg
00001264 g     F .ram_code	00000054 FixBuffer
00843e98 g     O .retention_data	00000002 my_tempVal
00846870 g     O .retention_data	00000004 blc_main_loop_data_cb
00011a90 g     F .text	0000000c bls_smp_get_paring_statas
00001ac0 g     F .ram_code	000000ac init_led
00000cdc g     F .ram_code	00000018 get_time
00846afc g     O .retention_data	00000004 CONN_SHORT_TOLERANCE_TIME
0000d3b0 g     F .text	000003f2 obdRectangle
00000080 g       *ABS*	00000000 _ictag_addr_div_256_
00010838 g     F .text	00000080 bls_ll_setNewConnection_timing
000084a4 g     F .text	0000000c blc_setMacAddress
00848fb0 g     O .bss	00000004 pm_appWakeupLowPowerCb
00848fd4 g     O .bss	00000002 adc_code
000009bc g     F .ram_code	00000052 get_temperature_c
000012e4 g     F .ram_code	00000028 epd_clear
008467fc g     O .retention_data	00000014 bltData
000100f4 g     F .text	00000050 bls_ll_send_read_remote_feature_event
00846514 g     O .retention_data	00000004 bltAtt
000083a4 g     F .text	00000010 memcpy
0000ea48 g     F .text	0000002c blc_gap_peripheral_init
00003e80 g       *ABS*	00000000 _rstored_
0084651c g     O .retention_data	00000008 blt_att_format
00010e74 g     F .text	00000020 blt_reset_conn_phy_param
000006c8 g     F .ram_code	000000be adc_init_firmware
008464a8 g     O .retention_data	00000004 rnd_m_w
0000f0e4 g     F .text	0000007c blc_ll_initAdvertising_module
00843ee8 g     O .retention_data	0000001f air_tag_adv_data
00846b8c g     O .retention_data	0000000a blcOta
00846b00 g     O .retention_data	00000004 blt_ltk_request
00010fcc g     F .text	0000005c blc_smp_procParingEnd
00848fc8 g     O .bss	00000004 blts_scan_interval
00018f98 g       *ABS*	00000000 _code_size_
00000ef0 g     F .ram_code	00000034 EPD_WriteCmd
00846a24 g     O .retention_data	00000025 g_remapping_table
00846519 g     O .retention_data	00000001 blt_att_format_len
00843e9c g     O .retention_data	00000001 ble_connected
00844114 g     O .retention_data	00000280 blt_txfifo_b
00846488 g     O .retention_data	0000000c pm_timRecover
00000b50 g     F .ram_code	00000034 set_air_tag_adv_data
0000f03c g     F .text	00000014 smemset
00846b40 g     O .retention_data	00000008 enc_skdm
0000a66c g     F .text	00000044 TIFF_close
00846c6c g     O .retention_data	0000001c tbl_bondDevice
0000f530 g     F .text	000002f6 blt_send_adv
00009e84 g     F .text	00000014 set_EPD_scene
00001fd8 g     F .ram_code	0000046e cpu_sleep_wakeup_32k_rc
00846ce0 g     O .retention_data	00000004 blc_SecReq_ctrl
00002448 g     F .ram_code	00000040 pm_tim_recover_32k_rc
00846810 g     O .retention_data	00000004 LL_FEATURE_MASK_0
00846b2c g     O .retention_data	00000004 enc_ivs
000003dc g     F .ram_code	00000004 __udivsi3
00010e14 g     F .text	00000060 blt_slave_main_loop_post
0000eea0 g     F .text	00000010 bls_app_registerEventCallback
00011c68 g     F .text	00000060 bls_smp_param_deleteByIndex
00846360 g     O .retention_data	00000100 ramd_to_flash_temp_buffer
00846b80 g     O .retention_data	00000004 otaResIndicateCb
00846760 g     O .retention_data	0000000c para_upReq
00848928 g       .data	00000000 _end_data_
00846464 g     O .retention_data	00000014 out_buffer
00009a70 g     F .text	000000ec epd_ble_handle_write
00846480 g     O .retention_data	00000004 blt_miscParam
00843e8e g     O .retention_data	00000001 battery_level
00848f9c g     O .bss	00000004 pm_get_32k_tick
008443bc g     O .retention_data	00000004 current_unix_time
0000f94c g     F .text	000000d6 blc_pm_procGpioPadEarlyWakeup
00012a48 g     O .rodata	0000000b Dialog_plain_16
00012470 g     F .text	00000024 hci_le_chennel_selection_algorithm_evt
0084664c g     O .retention_data	00000004 att_client_handler
00844394 g     O .retention_data	0000000c blt_txfifo
00016dc8 g     O .rodata	00000100 ucGray2BPP
0000a298 g     F .text	000000a4 init_uart
00846b08 g     O .retention_data	00000001 blt_maste_test
00846d20 g       *ABS*	00000000 _retention_data_end_
0000a58c g     F .text	000000e0 TIFF_openRAW
00846c28 g     O .retention_data	00000004 blc_smpFinishCb
00846cdc g     O .retention_data	00000001 smp_DistributeKeyResp
00010e94 g     F .text	0000005e bls_ota_procTimeout
00009d34 g     F .text	0000005c init_flash
0000ee94 g     F .text	0000000c blc_ll_registerConnectionTerminateHandler
0000fbac g     F .text	000000b2 blt_ll_channelTable_calc
00011060 g     F .text	00000058 bls_smp_encryption_done
00001560 g     F .ram_code	00000068 epd_display_tiff
00846b30 g     O .retention_data	00000010 enc_ltk
00846b64 g     O .retention_data	00000004 tx_settle_slave
00002488 g     F .ram_code	00000080 rf_ble_1m_param_init
00846b88 g     O .retention_data	00000004 ota_program_offset
0000383c g     F .ram_code	0000014c irq_blc_slave_rx_data
0000dc84 g     F .text	00000010 bls_att_setAttributeTable
00000608 g     F .ram_code	000000c0 main_loop
0000ea74 g     F .text	0000001e blc_gap_send_event
000098ec g     F .text	0000003c uart_gpio_set
0084692c g     O .retention_data	00000004 advertise_prepare_handler
00843e90 g     O .retention_data	00000002 temperature
008467e4 g     O .retention_data	00000001 blt_state
008467e8 g     O .retention_data	00000014 bltParam
00846814 g     O .retention_data	00000004 blt_p_event_callback
000108b8 g     F .text	00000226 blt_connect
00000cf4 g     F .ram_code	000000ec EPD_init
0000e768 g     F .text	00000044 blt_att_procHoldAttributeCommand
00848930 g       .bss	00000000 _start_bss_
0000ffe0 g     F .text	0000006c bls_ll_pushEncPkt
00012068 g     F .text	00000158 aes_ccmBaseTran
0084c50c g     O .bss	00000004 pmParam
000084b0 g     F .text	0000003c adc_vbat_pin_init
00008a4c g     F .text	00000062 rc_24m_cal
0000fa5c g     F .text	00000038 blc_pm_proc_no_suspend
00011984 g     F .text	00000018 blc_smp_sendSecurityRequest
008469c4 g     O .retention_data	00000058 blttcon
0001004c g     F .text	000000a6 bls_ll_security_proc
00000af4 g     F .ram_code	00000010 ble_get_connected
00003760 g     F .ram_code	00000004 blt_ll_post_common
00846930 g     O .retention_data	00000004 ll_module_advSlave_cb
00013488 g     O .rodata	00001feb DSEG14_Classic_Mini_Regular_40Bitmaps
00003a68 g     F .ram_code	0000013c blt_brx_timing_update
00846990 g     O .retention_data	00000032 ll_resolvingList_tbl
008453b4 g     O .retention_data	00000001 epd_scene
00009938 g     F .text	00000138 init_ble
00011e10 g     F .text	00000060 aes_ll_encryption
0001079c g     F .text	0000005c blt_set_fsmTimeout_intLevel
00000b9c g     F .ram_code	00000014 ble_send_battery
00011b5c g     F .text	000000d4 bls_smp_param_Cleanflash
00846510 g     O .retention_data	00000004 att_service_discover_tick
00846c24 g     O .retention_data	00000004 func_smp_check
0000130c g     F .ram_code	00000254 epd_display
008464ac g     O .retention_data	00000004 rnd_m_z
00846b10 g     O .retention_data	00000010 bls_timing
00846774 g     O .retention_data	00000050 blt_event_func
0000fa50 g     F .text	0000000c blc_pm_setDeepsleepRetentionType
008464dc g     O .retention_data	0000000f pkt_errRsp
00846890 g     O .retention_data	00000010 blc_tlkEvent_data
0000ef90 g     F .text	00000028 blc_ll_initStandby_module
0000ebf4 g     F .text	00000018 bls_l2cap_requestConnParamUpdate
00846820 g     O .retention_data	00000004 revert_conn_crc
000094a8 g     F .text	0000003c gpio_set_func2
0084649c g     O .retention_data	00000004 tick_32k_cur
00843ea8 g     O .retention_data	0000001c PUB_KEY
0000dc94 g     F .text	00000ad2 l2cap_att_handler
008467c8 g     O .retention_data	00000004 ll_encryption_done_cb
000098d4 g     F .text	00000018 uart_ndma_irq_triglevel
00008694 g     F .text	0000008c adc_set_ain_channel_differential_mode
000002e8 g     F .ram_code	0000005c flash_write_page
0000a6b0 g     F .text	000000b4 TIFF_setDrawParameters
00843e94 g     O .retention_data	00000001 my_batVal
008453b5 g     O .retention_data	00000001 epd_wait_update
0084675c g     O .retention_data	00000002 blt_buff_ll_len
00015474 g     O .rodata	00000292 Dialog_plain_16Glyphs
00000fe8 g     F .ram_code	00000020 EPD_send_empty_lut
0000f438 g     F .text	000000f6 blc_ll_procConnectReq
000001d0 g     F .ram_code	00000028 clock_init
000003d8 g     F .ram_code	00000004 __umodsi3
00846bbc g     O .retention_data	00000014 blc_smpMng
00012424 g     F .text	0000001e blc_hci_send_event
00846c14 g     O .retention_data	00000004 smp_timeout_start_tick
00843ea0 g     O .retention_data	00000006 mac_public
000035d4 g     F .ram_code	000000ac ll_searchAddr_in_WhiteList_and_ResolvingList
00011c30 g     F .text	00000038 bls_smp_param_loadByIndex
00000000 g       .vectors	00000000 __start
0001157c g     F .text	00000406 l2cap_smp_handler
00000de0 g     F .ram_code	0000005c EPD_SPI_Write
000122ac g     F .text	000000c0 aes_ll_ccm_encryption
00009864 g     F .text	00000070 uart_irq_enable
0000db30 g     F .text	00000084 random_generator_init
0000835c g     F .text	00000032 bbcopy
0084c51c g     O .bss	00000004 ll_module_init_cb
00848900 g       .data	00000000 _start_data_
008464a4 g     O .retention_data	00000002 g_RFMode
0000f234 g     F .text	00000204 bls_ll_setAdvParam
0000f1ec g     F .text	00000048 bls_ll_setScanRspData
00846874 g     O .retention_data	00000004 blc_main_loop_post_cb
0000977c g     F .text	0000009c uart_init
0000e8d8 g     F .text	00000018 blc_att_setRxMtuSize
0000d9d0 g     F .text	00000024 soft_reboot_dly13ms_use24mRC
00848fc4 g     O .bss	00000001 blm_btx_busy
00000000         *UND*	00000000 flash_read_mid_uid_with_check
00846b5c g     O .retention_data	00000004 ll_get_conn_phy_ptr_cb
0000da5c g     F .text	00000034 rf_start_brx
00846b4c g     O .retention_data	00000001 restart_encryption
000110b8 g     F .text	000000e0 bls_smp_paring_success
00846620 g     O .retention_data	0000000d pkt_mtu_rsp
00008830 g     F .text	000000b0 adc_vbat_init
000029a8 g     F .ram_code	000001c6 irq_blt_sdk_handler
0000fd4c g     F .text	0000002e blt_ll_unknown_rsp
00846c0c g     O .retention_data	00000004 func_smp_sc_pushPkt_proc
000083d0 g     F .text	000000d4 blc_initMacAddress
000003bc g     F .ram_code	00000014 sleep_us
00010c40 g     F .text	00000066 blt_terminate_proc
0000dabc g     F .text	00000074 random_generator_pre_init
00002690 g     F .ram_code	00000040 rand
00846a49 g     O .retention_data	00000001 g_num_used_chans
00012928 g     O .rodata	0000011f Dialog_plain_16_zh_Glyphs
00000000         *UND*	00000000 firmware_encrypt_based_on_uid
00846b98 g     O .retention_data	00000004 blt_ota_start_tick
0000f050 g     F .text	00000094 bls_ll_setAdvEnable
00846b50 g     O .retention_data	00000008 bltPHYs
00846498 g     O .retention_data	00000004 tick_cur
0084c510 g     O .bss	00000004 pm_tim_recover
00844108 g     O .retention_data	0000000c blt_rxfifo
00846b70 g     O .retention_data	00000004 ota_firmware_size_k
0000a150 g     F .text	000000e2 update_time_scene
0000a764 g     F .text	00001232 TIFF_decode
00846478 g     O .retention_data	00000001 led_mask
008453bc g     O .retention_data	00000fa0 epd_temp
00000f24 g     F .ram_code	0000003c EPD_WriteData
0000ffb0 g     F .text	00000030 blt_push_fifo_hold
00012220 g     F .text	0000008c aes_ll_ccm_encryption_init
0000fa24 g     F .text	00000020 blc_pm_setDeepsleepRetentionThreshold
0000958c g     F .text	00000100 gpio_shutdown
00001e88 g     F .ram_code	0000014e cpu_wakeup_init
00017448 g     O .rodata	00000100 ucMirror
00010f0c g     F .text	0000002c blc_smp_setResponderKey
0000fe0c g     F .text	000000c8 bls_ll_pushTxFifo
00012494 g     F .text	0000003c hci_le_data_len_update_evt
008453b7 g     O .retention_data	00000001 epd_temperature
00000cb4 g     F .ram_code	00000028 set_time
00846460 g     O .retention_data	00000002 ram_position
00000518 g     F .ram_code	00000000 blt_packet_crc24_opt
00009520 g     F .text	0000006a gpio_setup_up_down_resistor
00000b84 g     F .ram_code	00000018 ble_send_temp
00010000 g       *ABS*	00000000 __RAM_SIZE_MAX
00843f08 g     O .retention_data	00000200 blt_rxfifo_b
00008534 g     F .text	00000066 adc_set_resolution
00846d14 g     O .retention_data	00000004 blc_hci_rx_handler
0000a234 g     F .text	00000064 epd_update
000084ec g     F .text	00000048 adc_set_ref_voltage
0000270c g     F .ram_code	00000262 irq_blc_ll_rx
008453b8 g     O .retention_data	00000001 epd_update_state
00846485 g     O .retention_data	00000001 tl_24mrc_cal
0000eb3c g     F .text	000000b6 blc_l2cap_packet_receive
008443b8 g     O .retention_data	00000002 time_trime
008464b0 g     O .retention_data	00000004 gAttributes
0000832c g     F .text	00000030 memcmp
00848920 g     O .data	00000006 blt_tx_empty_packet
008467d8 g     O .retention_data	0000000c bltMac
00000020 g     F .vectors	00000000 start_suspend
000124d0 g       *ABS*	00000000 _start_rodata_
0000fa44 g     F .text	0000000c blc_pm_setDeepsleepRetentionEarlyWakeupTiming
0000dbb4 g     F .text	0000002e generateRandomNum
00001870 g     F .ram_code	00000010 EPD_BWR_154_set_sleep
00000a68 g     F .ram_code	0000001a ble_set_connection_speed
00000a1c g     F .ram_code	00000020 ble_disconnect_callback
00001190 g     F .ram_code	00000084 EPD_Display
000026d0 g     F .ram_code	0000003a blt_event_callback_func
00843e9e g     O .retention_data	00000001 AIR_TAG_OPEN
00849000 g     O .bss	0000350c tiff
00848900 g     O .data	00000014 ADC_GPIO_tab
0000fdb0 g     F .text	00000008 blt_ll_get_conn_phy_ptr
008464b4 g     O .retention_data	00000028 pkt_writePrepRsp
00000000         *UND*	00000000 hci_tx_fifo
0000d9f4 g     F .text	00000066 cpu_set_gpio_wakeup
008464ec g     O .retention_data	00000021 rf_packet_att_rsp
00846878 g     O .retention_data	00000001 blt_busy
00843e88 g     O .retention_data	00000004 blc_rf_pa_cb
00000c80 g     F .ram_code	00000034 time_reached_period
00009818 g     F .text	0000004c uart_dma_enable
00010144 g     F .text	00000612 blt_ll_packet_proc
00002fbc g     F .ram_code	00000014 smemcpy
00846ad4 g     O .retention_data	00000028 blc_cyrpt_para
00003d6c g     F .ram_code	00000112 irq_slave_system_timer
00846818 g     O .retention_data	00000001 ble_state
0084687c g     O .retention_data	00000004 tick_rc24mCal
00008390 g     F .text	00000014 memset
0000fa94 g     F .text	00000106 blc_ll_switchScanChannel
00001c94 g     F .ram_code	0000009c main
00000acc g     F .ram_code	0000000a RxTxWrite
0000f828 g     F .text	0000002c blc_ll_initPowerManagement_module
00000190 g     F .ram_code	00000040 analog_write
00846c08 g     O .retention_data	00000004 func_smp_sc_proc
00846a4c g     O .retention_data	00000004 ll_chn_index_calc_cb
0000ef14 g     F .text	0000007a blc_ll_exchangeDataLength
0000968c g     F .text	000000a8 i2c_gpio_set
008468a4 g     O .retention_data	00000018 blta
00846a60 g     O .retention_data	00000004 ll_conn_phy_swicth_cb
00846924 g     O .retention_data	00000004 blc_rcvd_connReq_tick
0000cf6c g     F .text	000002cc obdWriteStringCustom
008468bc g     O .retention_data	00000003 blc_adv_channel
00843e84 g     O .retention_data	00000001 system_clk_type
00011e70 g     F .text	0000001a aes_ll_swap
00846ce4 g     O .retention_data	00000014 smp_sign_info
00844414 g     O .retention_data	00000fa0 epd_buffer
00846b60 g     O .retention_data	00000004 tx_settle_adv
00000ad8 g     F .ram_code	0000001a blt_pm_proc
00848ed8 g     O .bss	00000002 crc_out
00003764 g     F .ram_code	000000d8 blt_ll_connect_common
00846c2c g     O .retention_data	00000010 smpOwnRand_const
00001e20 g     F .ram_code	00000068 cpu_get_32k_tick
00009cd0 g     F .text	00000030 reset_settings_to_default
0000ec0c g     F .text	00000098 blt_update_parameter_request
00015b48 g     O .rodata	00000100 ucGray4BPP
00018f98 g       *ABS*	00000000 _end_rodata_
00846880 g     O .retention_data	00000004 tick_doublerCal
00000a3c g     F .ram_code	0000002c app_switch_to_indirect_adv
00846644 g     O .retention_data	00000004 gap_eventMask
00846ad0 g     O .retention_data	00000001 blt_smp_empty_pkt_entry
000083b4 g     F .text	0000001a swapX
000003d4 g     F .ram_code	00000004 __divsi3
00846b84 g     O .retention_data	00000004 blt_ota_timeout_us
00003988 g     F .ram_code	000000e0 blt_push_fifo_hw
00846c5c g     O .retention_data	00000010 smpParingOwnCSRK
00846524 g     O .retention_data	000000fa blt_att_data
0000ee70 g     F .text	0000000c blc_ll_registerHostMainloopCallback
00011b14 g     F .text	00000046 smp_write_flash_page
00846ba0 g     O .retention_data	0000001c smpResSignalPkt
00846518 g     O .retention_data	00000001 blt_att_dat_len
0000ea94 g     F .text	0000000c blc_l2cap_register_handler
00846864 g     O .retention_data	00000004 ll_irq_systemTick_conn_cb
00846884 g     O .retention_data	00000001 ll_encryption_busy
00010ae0 g     F .text	000000ea connUpdate_mapUpdate_proc
00000fc8 g     F .ram_code	00000020 EPD_send_lut
00846d08 g     O .retention_data	00000004 blc_hci_event_handler
00848fcc g     O .bss	00000008 blts
00846c10 g     O .retention_data	00000001 smpDistirbuteKeyOrder
008468a0 g     O .retention_data	00000004 blt_advExpectTime
00843e80 g       *ABS*	00000000 _retention_data_start_
00848fbc g     O .bss	00000004 blc_ll_procScanDatCb
00846658 g     O .retention_data	00000104 blt_buff_ll
00000150 g     F .ram_code	00000040 analog_read
00846c20 g     O .retention_data	00000004 func_smp_info
00012444 g     F .text	0000002c hci_le_phyUpdateComplete_evt
00846cf8 g     O .retention_data	00000004 SMP_PARAM_NV_ADDR_START
00846484 g     O .retention_data	00000001 pm_bit_info
00000a84 g     F .ram_code	00000024 ble_connect_callback
0084696c g     O .retention_data	00000022 ll_whiteList_tbl
00846bd0 g     O .retention_data	00000038 smp_param_own
00001c80 g     F .ram_code	0000000c get_led_mask
00010758 g     F .text	00000044 blt_slave_main_loop_data
00846928 g     O .retention_data	00000004 ll_adv2conn_cb
00846a50 g     O .retention_data	0000000c blt_conn_phy
00000900 g     F .ram_code	0000003c get_battery_level
00846d1c g     O .retention_data	00000002 lmp_subversion
000018f0 g     F .ram_code	000001d0 custom_otaWrite
000107f8 g     F .text	00000040 blt_brx_timing_update_init
00008774 g     F .text	000000bc adc_init
00003c7c g     F .ram_code	000000ee blt_brx_post
008467cc g     O .retention_data	00000004 ll_connComplete_handler
0000fd34 g     F .text	00000018 blt_ll_conn_main_loop_post
00008310 g     F .text	0000001c u_sprintf
0084c514 g     O .bss	00000004 cpu_sleep_wakeup
0001236c g     F .text	000000b8 aes_ll_ccm_decryption
0084635c g     O .retention_data	00000001 minute_refresh
00001c8c g     F .ram_code	00000008 irq_handler
00008000 g       *ABS*	00000000 __RAM_RETENTION_SIZE
0001199c g     F .text	000000f4 bls_smp_peripheral_paring_loop
00846b0c g     O .retention_data	00000004 blt_tx_pkt_hold
0000eeb0 g     F .text	00000064 blc_ll_initDataLengthExtension
00008000 g       *ABS*	00000000 _start_text_
00008ab0 g     F .text	00000054 rc_32k_cal
00846824 g     O .retention_data	00000040 Crc24Lookup
00003ba4 g     F .ram_code	000000d6 blt_brx_start
00002970 g     F .ram_code	00000036 irq_ll_system_timer
00011df0 g     F .text	00000020 blc_smp_param_updateToNearestByIndex
00846770 g     O .retention_data	00000004 hci_tlk_module_eventMask
0084676c g     O .retention_data	00000004 blc_connUpdateSendTime_us
00846c3c g     O .retention_data	00000010 smpOwnParingConfirm
0000093c g     F .ram_code	00000080 adc_temp_init
0000baf4 g     F .text	00001478 obdWriteString
00846b74 g     O .retention_data	00000004 ota_program_bootAddr
000124d0 g       *ABS*	00000000 _end_text_
00848000 g       *ABS*	00000000 _ictag_start_
000082ec g     F .text	00000024 u_printf
00000000         *UND*	00000000 edp_toggle
0000fc60 g     F .text	000000d2 blc_procPendingEvent
00018ec8 g     O .rodata	00000010 att_access_err_enc
00003548 g     F .ram_code	0000008c smp_quickResolvPrivateAddr
0000d238 g     F .text	00000178 obdFill
008468c4 g     O .retention_data	0000002b pkt_adv
00000b14 g     F .ram_code	0000003c set_adv_data
00009d00 g     F .text	00000034 save_settings_to_flash
00000f94 g     F .ram_code	00000034 EPD_CheckStatus_inverted
00011ee8 g     F .text	00000180 aes_ccmAuthTran
00000000         *UND*	00000000 usbmouse_hid_report
00002f18 g     F .ram_code	00000038 blc_ll_getTxFifoNumber
000016cc g     F .ram_code	000001a4 EPD_BWR_154_Display
0000fed4 g     F .text	00000088 blc_ll_initSlaveRole_module
00016fc8 g     O .rodata	000002a0 ucFont
00010f44 g     F .text	00000088 blc_smp_getGenMethod
00848ed4 g     O .bss	00000004 byte_pos
00011028 g     F .text	00000038 blc_smp_certTimeoutLoopEvt
00000bb0 g     F .ram_code	00000038 init_time
00015708 g     O .rodata	0000000b Dialog_plain_16_zh
0001291c g     O .rodata	0000000b DSEG14_Classic_Mini_Regular_40
0084686c g     O .retention_data	00000004 blc_main_loop_phyTest_cb
000025bc g     F .ram_code	000000d4 rf_set_ble_channel
00002b70 g     F .ram_code	000002ea blt_sdk_main_loop
00846b7c g     O .retention_data	00000004 otaVersionCb
008443dc g     O .retention_data	00000004 last_clock_increase
00000148 g       .vectors	00000000 ASMEND
0000fe08 g     F .text	00000002 irq_blc_slave_tx
00846d0c g     O .retention_data	00000004 hci_eventMask
0000efb8 g     F .text	00000084 reverse_32bit
00843ed8 g     O .retention_data	0000000d ble_name
00846888 g     O .retention_data	00000004 blc_l2cap_handler
008467d4 g     O .retention_data	00000004 blc_tlkEvent_pending
00848100 g       *ABS*	00000000 _ictag_end_
00846868 g     O .retention_data	00000004 ll_irq_tx_cb
0000ff5c g     F .text	00000054 bls_ll_terminateConnection
00000420 g     F .ram_code	00000000 mz_mul2
00846b6c g     O .retention_data	00000004 crc16_poly
00846654 g     O .retention_data	00000004 l2cap_connUpdateRsp_cb
000003d0 g     F .ram_code	00000004 __modsi3
008443ec g     O .retention_data	00000028 last_reached_period
000085f0 g     F .text	000000a2 adc_set_input_mode
00008c88 g     F .text	000000bc gpio_set_input_en
00000be8 g     F .ram_code	00000098 handler_time
000006d2 g       *ABS*	00000000 _icload_size_div_16_
00846c18 g     O .retention_data	00000001 smpPkShftCnt
00846a68 g     O .retention_data	00000068 bltc
0084c518 g     O .bss	00000004 pm_curr_stack
00846a5c g     O .retention_data	00000004 ll_conn_phy_update_cb
00000788 g     F .ram_code	00000148 get_adc_reading
0000e8f0 g     F .text	00000058 blc_gatt_requestServiceAccess
00000120 g       .vectors	00000000 __irq
0000ee88 g     F .text	0000000c blc_ll_registerConnectionCompleteHandler
00002508 g     F .ram_code	00000028 rf_drv_init
00009b5c g     F .text	00000012 init_i2c
00846b78 g     O .retention_data	00000004 otaStartCb
00846b68 g     O .retention_data	00000004 tx_settle_master
0000fdb8 g     F .text	0000004e blt_ll_sendPhyReq
00010bcc g     F .text	00000074 blt_terminate_pending_proc
008464a0 g     O .retention_data	00000001 pm_long_suspend
0000b9ec g     F .text	000000ac obdWriteDataBlock
00018f98 g       *ABS*	00000000 _dstored_
00848fac g     O .bss	00000004 ll_irq_rx_post_cb
00846c88 g     O .retention_data	00000050 smp_param_peer
008443b4 g     O .retention_data	00000004 one_second_trimmed
00846a64 g     O .retention_data	00000004 blt_bb
000003e0 g     F .ram_code	0000003c div
00846c4c g     O .retention_data	00000010 smpParingOwnIRK
00010ca8 g     F .text	0000016a bls_procPendingEvent
00001118 g     F .ram_code	00000078 EPD_read_temp
000094e4 g     F .text	0000003c gpio_set_func
00008ba0 g     F .text	000000e8 gpio_init
00010ef4 g     F .text	00000018 blc_smp_pushParingFailed
0084691c g     O .retention_data	00000008 advData_backup
00840000 g       *ABS*	00000000 __RAM_START_ADDR
00846968 g     O .retention_data	00000004 blt_next_event_tick
000002a8 g     F .ram_code	00000040 flash_erase_sector
0000ee7c g     F .text	0000000c blc_ll_registerConnectionEncryptionDoneCallback
00002590 g     F .ram_code	0000002c rf_start_stx
00848fa0 g     O .bss	00000004 pm_check_32k_clk_stable
00000aa8 g     F .ram_code	00000024 otaWritePre
0000f160 g     F .text	0000008c bls_ll_setAdvData
00843e9d g     O .retention_data	00000001 ota_started
008453b6 g     O .retention_data	00000001 epd_temperature_is_read
008467d0 g     O .retention_data	00000004 ll_connTerminate_handler
00000a10 g     F .ram_code	0000000a user_set_rf_power
0000fb9c g     F .text	00000010 blc_ll_initConnection_module
00846938 g     O .retention_data	00000030 bltPm
000121c0 g     F .text	00000060 aes_ccmDecAuthTran
000012b8 g     F .ram_code	0000002c epd_display_char
00009e98 g     F .text	00000010 set_EPD_wait_flush
0084635d g     O .retention_data	00000001 hour_refresh
000015c8 g     F .ram_code	00000104 EPD_BWR_154_read_temp
0000b998 g     F .text	00000054 obdCreateVirtualDisplay
0084681c g     O .retention_data	00000004 ll_irq_rx_data_cb
000005f4 g     F .ram_code	00000012 user_init_deepRetn
0000eaa0 g     F .text	0000009c blt_ll_pack
00001880 g     F .ram_code	00000070 write_ota_firmware_to_flash
0000da90 g     F .text	0000002c rf_start_stx2rx



Disassembly of section .vectors:

00000000 <__start>:
   0:	8026      	tj.n	50 <__reset>
   2:	0000      	tands	r0, r0
   4:	0000      	tands	r0, r0
   6:	0000      	tands	r0, r0
   8:	544c4e4b 	tstorerbpl	r4, [ip], #-3659	; 0xe4b
   c:	008806d2 	undefined instruction 0x008806d2
  10:	8086      	tj.n	120 <__irq>
  12:	0000      	tands	r0, r0
  14:	0000      	tands	r0, r0
  16:	0000      	tands	r0, r0
  18:	00018fc0 	tandeq	r8, r1, r0, asr #31
  1c:	00000000 	tandeq	r0, r0, r0

00000020 <start_suspend>:
start_suspend():
  20:	640c      	tpush	{r2, r3}
  22:	a281      	tmovs	r2, #129	; 0x81
  24:	0b09      	tloadr	r3, [pc, #36]	; (4c <__suspend_data>)
  26:	401a      	tstorerb	r2, [r3, #0]
  28:	06c0      	tmov	r8, r8
  2a:	06c0      	tmov	r8, r8
  2c:	06c0      	tmov	r8, r8
  2e:	06c0      	tmov	r8, r8
  30:	06c0      	tmov	r8, r8
  32:	06c0      	tmov	r8, r8
  34:	06c0      	tmov	r8, r8
  36:	06c0      	tmov	r8, r8
  38:	06c0      	tmov	r8, r8
  3a:	06c0      	tmov	r8, r8
  3c:	06c0      	tmov	r8, r8
  3e:	06c0      	tmov	r8, r8
  40:	06c0      	tmov	r8, r8
  42:	06c0      	tmov	r8, r8
  44:	06c0      	tmov	r8, r8
  46:	06c0      	tmov	r8, r8
  48:	6c0c      	tpop	{r2, r3}
  4a:	0770      	tjex	lr

0000004c <__suspend_data>:
  4c:	0080006f 	taddeq	r0, r0, pc, rrx

00000050 <__reset>:
  50:	a204      	tmovs	r2, #4
  52:	4811      	tloadrb	r1, [r2, #0]
  54:	a0a5      	tmovs	r0, #165	; 0xa5
  56:	0288      	tcmp	r0, r1
  58:	c103      	tjne.n	62 <FLASH_WAKEUP_BEGIN>
  5a:	a205      	tmovs	r2, #5
  5c:	4811      	tloadrb	r1, [r2, #0]
  5e:	082e      	tloadr	r0, [pc, #184]	; (118 <BOOT_SEL_D>)
  60:	4001      	tstorerb	r1, [r0, #0]

00000062 <FLASH_WAKEUP_BEGIN>:
  62:	082c      	tloadr	r0, [pc, #176]	; (114 <FLASH_RECOVER>)
  64:	a100      	tmovs	r1, #0
  66:	4041      	tstorerb	r1, [r0, #1]
  68:	a1ab      	tmovs	r1, #171	; 0xab
  6a:	4001      	tstorerb	r1, [r0, #0]
  6c:	a200      	tmovs	r2, #0
  6e:	a306      	tmovs	r3, #6

00000070 <TNOP>:
  70:	b201      	tadds	r2, #1
  72:	029a      	tcmp	r2, r3
  74:	cdfc      	tjle.n	70 <TNOP>
  76:	a101      	tmovs	r1, #1
  78:	4041      	tstorerb	r1, [r0, #1]

0000007a <FLASH_WAKEUP_END>:
  7a:	0823      	tloadr	r0, [pc, #140]	; (108 <FLL_D>)
  7c:	0923      	tloadr	r1, [pc, #140]	; (10c <FLL_D+0x4>)
  7e:	0a24      	tloadr	r2, [pc, #144]	; (110 <FLL_D+0x8>)

00000080 <FLL_STK>:
  80:	0291      	tcmp	r1, r2
  82:	ca02      	tjge.n	8a <FLL_STK_END>
  84:	5008      	tstorer	r0, [r1, #0]
  86:	b104      	tadds	r1, #4
  88:	87fa      	tj.n	80 <FLL_STK>

0000008a <FLL_STK_END>:
  8a:	a012      	tmovs	r0, #18
  8c:	6bc0      	tmcsr	r0
  8e:	0813      	tloadr	r0, [pc, #76]	; (dc <DAT0>)
  90:	0685      	tmov	sp, r0
  92:	a013      	tmovs	r0, #19
  94:	6bc0      	tmcsr	r0
  96:	0812      	tloadr	r0, [pc, #72]	; (e0 <DAT0+0x4>)
  98:	0685      	tmov	sp, r0
  9a:	a000      	tmovs	r0, #0
  9c:	0911      	tloadr	r1, [pc, #68]	; (e4 <DAT0+0x8>)
  9e:	0a12      	tloadr	r2, [pc, #72]	; (e8 <DAT0+0xc>)

000000a0 <ZERO>:
  a0:	0291      	tcmp	r1, r2
  a2:	ca02      	tjge.n	aa <ZERO_END>
  a4:	5008      	tstorer	r0, [r1, #0]
  a6:	b104      	tadds	r1, #4
  a8:	87fa      	tj.n	a0 <ZERO>

000000aa <ZERO_END>:
  aa:	0911      	tloadr	r1, [pc, #68]	; (f0 <DAT0+0x14>)
  ac:	0a11      	tloadr	r2, [pc, #68]	; (f4 <DAT0+0x18>)

000000ae <ZERO_TAG>:
  ae:	0291      	tcmp	r1, r2
  b0:	ca02      	tjge.n	b8 <SETIC>
  b2:	5008      	tstorer	r0, [r1, #0]
  b4:	b104      	tadds	r1, #4
  b6:	87fa      	tj.n	ae <ZERO_TAG>

000000b8 <SETIC>:
  b8:	090c      	tloadr	r1, [pc, #48]	; (ec <DAT0+0x10>)
  ba:	080f      	tloadr	r0, [pc, #60]	; (f8 <DAT0+0x1c>)
  bc:	4008      	tstorerb	r0, [r1, #0]
  be:	b001      	tadds	r0, #1
  c0:	4048      	tstorerb	r0, [r1, #1]
  c2:	090e      	tloadr	r1, [pc, #56]	; (fc <DATA_I>)
  c4:	0a0e      	tloadr	r2, [pc, #56]	; (100 <DATA_I+0x4>)
  c6:	0b0f      	tloadr	r3, [pc, #60]	; (104 <DATA_I+0x8>)

000000c8 <COPY_DATA>:
  c8:	029a      	tcmp	r2, r3
  ca:	ca04      	tjge.n	d6 <COPY_DATA_END>
  cc:	5808      	tloadr	r0, [r1, #0]
  ce:	5010      	tstorer	r0, [r2, #0]
  d0:	b104      	tadds	r1, #4
  d2:	b204      	tadds	r2, #4
  d4:	87f8      	tj.n	c8 <COPY_DATA>

000000d6 <COPY_DATA_END>:
  d6:	9001 9ddd 	tjl	1c94 <main>
  da:	46c0      	tnop			; (mov r8, r8)

000000dc <DAT0>:
  dc:	00848ab0 	undefined instruction 0x00848ab0
  e0:	00850000 	taddeq	r0, r5, r0
  e4:	00848930 	taddeq	r8, r4, r0, lsr r9
  e8:	0084c521 	taddeq	ip, r4, r1, lsr #10
  ec:	0080060c 	taddeq	r0, r0, ip, lsl #12
  f0:	00848000 	taddeq	r8, r4, r0
  f4:	00848100 	taddeq	r8, r4, r0, lsl #2
  f8:	00000080 	tandeq	r0, r0, r0, lsl #1

000000fc <DATA_I>:
  fc:	00018f98 	tmuleq	r1, r8, pc
 100:	00848900 	taddeq	r8, r4, r0, lsl #18
 104:	00848928 	taddeq	r8, r4, r8, lsr #18

00000108 <FLL_D>:
 108:	ffffffff 	undefined instruction 0xffffffff
 10c:	00848900 	taddeq	r8, r4, r0, lsl #18
 110:	00848920 	taddeq	r8, r4, r0, lsr #18

00000114 <FLASH_RECOVER>:
 114:	0080000c 	taddeq	r0, r0, ip

00000118 <BOOT_SEL_D>:
 118:	0080063e 	taddeq	r0, r0, lr, lsr r6
 11c:	46c0      	tnop			; (mov r8, r8)
 11e:	46c0      	tnop			; (mov r8, r8)

00000120 <__irq>:
 120:	6500      	tpush	{lr}
 122:	64ff      	tpush	{r0, r1, r2, r3, r4, r5, r6, r7}
 124:	6bd8      	tmrss	r0
 126:	0641      	tmov	r1, r8
 128:	064a      	tmov	r2, r9
 12a:	0653      	tmov	r3, sl
 12c:	065c      	tmov	r4, fp
 12e:	0665      	tmov	r5, ip
 130:	643f      	tpush	{r0, r1, r2, r3, r4, r5}
 132:	9001 9dab 	tjl	1c8c <irq_handler>
 136:	6c3f      	tpop	{r0, r1, r2, r3, r4, r5}
 138:	0688      	tmov	r8, r1
 13a:	0691      	tmov	r9, r2
 13c:	069a      	tmov	sl, r3
 13e:	06a3      	tmov	fp, r4
 140:	06ac      	tmov	ip, r5
 142:	6bd0      	tmssr	r0
 144:	6cff      	tpop	{r0, r1, r2, r3, r4, r5, r6, r7}
 146:	6900      	treti	{pc}

00000148 <ASMEND>:
 148:	46c0      	tnop			; (mov r8, r8)
 14a:	46c0      	tnop			; (mov r8, r8)
 14c:	46c0      	tnop			; (mov r8, r8)
 14e:	46c0      	tnop			; (mov r8, r8)

Disassembly of section .ram_code:

00000150 <analog_read>:
analog_read():
     150:	6510      	tpush	{r4, lr}
     152:	f600      	tshftls	r0, r0, #24
     154:	fe00      	tshftrs	r0, r0, #24
     156:	0b0a      	tloadr	r3, [pc, #40]	; (180 <IRQ_STK_SIZE>)
     158:	481c      	tloadrb	r4, [r3, #0]
     15a:	a200      	tmovs	r2, #0
     15c:	401a      	tstorerb	r2, [r3, #0]
     15e:	0b09      	tloadr	r3, [pc, #36]	; (184 <IRQ_STK_SIZE+0x4>)
     160:	4018      	tstorerb	r0, [r3, #0]
     162:	0909      	tloadr	r1, [pc, #36]	; (188 <IRQ_STK_SIZE+0x8>)
     164:	a340      	tmovs	r3, #64	; 0x40
     166:	400b      	tstorerb	r3, [r1, #0]
     168:	a201      	tmovs	r2, #1
     16a:	480b      	tloadrb	r3, [r1, #0]
     16c:	0013      	tands	r3, r2
     16e:	c1fc      	tjne.n	16a <analog_read+0x1a>
     170:	0a06      	tloadr	r2, [pc, #24]	; (18c <IRQ_STK_SIZE+0xc>)
     172:	4810      	tloadrb	r0, [r2, #0]
     174:	b201      	tadds	r2, #1
     176:	4013      	tstorerb	r3, [r2, #0]
     178:	0b01      	tloadr	r3, [pc, #4]	; (180 <IRQ_STK_SIZE>)
     17a:	401c      	tstorerb	r4, [r3, #0]
     17c:	6d10      	tpop	{r4, pc}
     17e:	46c0      	tnop			; (mov r8, r8)
     180:	00800643 	taddeq	r0, r0, r3, asr #12
     184:	008000b8 	tstorerheq	r0, [r0], r8
     188:	008000ba 	tstorerheq	r0, [r0], sl
     18c:	008000b9 	tstorerheq	r0, [r0], r9

00000190 <analog_write>:
analog_write():
     190:	6510      	tpush	{r4, lr}
     192:	f600      	tshftls	r0, r0, #24
     194:	fe00      	tshftrs	r0, r0, #24
     196:	f609      	tshftls	r1, r1, #24
     198:	fe09      	tshftrs	r1, r1, #24
     19a:	0b0a      	tloadr	r3, [pc, #40]	; (1c4 <analog_write+0x34>)
     19c:	481c      	tloadrb	r4, [r3, #0]
     19e:	a200      	tmovs	r2, #0
     1a0:	401a      	tstorerb	r2, [r3, #0]
     1a2:	0b09      	tloadr	r3, [pc, #36]	; (1c8 <analog_write+0x38>)
     1a4:	4018      	tstorerb	r0, [r3, #0]
     1a6:	b301      	tadds	r3, #1
     1a8:	4019      	tstorerb	r1, [r3, #0]
     1aa:	0908      	tloadr	r1, [pc, #32]	; (1cc <analog_write+0x3c>)
     1ac:	a360      	tmovs	r3, #96	; 0x60
     1ae:	400b      	tstorerb	r3, [r1, #0]
     1b0:	a201      	tmovs	r2, #1
     1b2:	480b      	tloadrb	r3, [r1, #0]
     1b4:	0013      	tands	r3, r2
     1b6:	c1fc      	tjne.n	1b2 <analog_write+0x22>
     1b8:	0a04      	tloadr	r2, [pc, #16]	; (1cc <analog_write+0x3c>)
     1ba:	4013      	tstorerb	r3, [r2, #0]
     1bc:	0b01      	tloadr	r3, [pc, #4]	; (1c4 <analog_write+0x34>)
     1be:	401c      	tstorerb	r4, [r3, #0]
     1c0:	6d10      	tpop	{r4, pc}
     1c2:	46c0      	tnop			; (mov r8, r8)
     1c4:	00800643 	taddeq	r0, r0, r3, asr #12
     1c8:	008000b8 	tstorerheq	r0, [r0], r8
     1cc:	008000ba 	tstorerheq	r0, [r0], sl

000001d0 <clock_init>:
clock_init():
     1d0:	6500      	tpush	{lr}
     1d2:	f600      	tshftls	r0, r0, #24
     1d4:	fe00      	tshftrs	r0, r0, #24
     1d6:	0b06      	tloadr	r3, [pc, #24]	; (1f0 <clock_init+0x20>)
     1d8:	4018      	tstorerb	r0, [r3, #0]
     1da:	0b06      	tloadr	r3, [pc, #24]	; (1f4 <clock_init+0x24>)
     1dc:	4018      	tstorerb	r0, [r3, #0]
     1de:	a820      	tcmp	r0, #32
     1e0:	c000      	tjeq.n	1e4 <clock_init+0x14>
     1e2:	6d00      	tpop	{pc}
     1e4:	a00c      	tmovs	r0, #12
     1e6:	a1c6      	tmovs	r1, #198	; 0xc6
     1e8:	97ff 9fd2 	tjl	190 <analog_write>
     1ec:	87f9      	tj.n	1e2 <clock_init+0x12>
     1ee:	46c0      	tnop			; (mov r8, r8)
     1f0:	00800066 	taddeq	r0, r0, r6, rrx
     1f4:	00843e84 	taddeq	r3, r4, r4, lsl #29

000001f8 <flash_send_addr>:
flash_send_addr():
     1f8:	f202      	tshftls	r2, r0, #8
     1fa:	fe12      	tshftrs	r2, r2, #24
     1fc:	0b0c      	tloadr	r3, [pc, #48]	; (230 <flash_send_addr+0x38>)
     1fe:	401a      	tstorerb	r2, [r3, #0]
     200:	090c      	tloadr	r1, [pc, #48]	; (234 <flash_send_addr+0x3c>)
     202:	a210      	tmovs	r2, #16
     204:	480b      	tloadrb	r3, [r1, #0]
     206:	021a      	tnand	r2, r3
     208:	c1fc      	tjne.n	204 <flash_send_addr+0xc>
     20a:	f402      	tshftls	r2, r0, #16
     20c:	fe12      	tshftrs	r2, r2, #24
     20e:	0b08      	tloadr	r3, [pc, #32]	; (230 <flash_send_addr+0x38>)
     210:	401a      	tstorerb	r2, [r3, #0]
     212:	0908      	tloadr	r1, [pc, #32]	; (234 <flash_send_addr+0x3c>)
     214:	a210      	tmovs	r2, #16
     216:	480b      	tloadrb	r3, [r1, #0]
     218:	021a      	tnand	r2, r3
     21a:	c1fc      	tjne.n	216 <flash_send_addr+0x1e>
     21c:	f600      	tshftls	r0, r0, #24
     21e:	fe00      	tshftrs	r0, r0, #24
     220:	0b03      	tloadr	r3, [pc, #12]	; (230 <flash_send_addr+0x38>)
     222:	4018      	tstorerb	r0, [r3, #0]
     224:	0903      	tloadr	r1, [pc, #12]	; (234 <flash_send_addr+0x3c>)
     226:	a210      	tmovs	r2, #16
     228:	480b      	tloadrb	r3, [r1, #0]
     22a:	021a      	tnand	r2, r3
     22c:	c1fc      	tjne.n	228 <flash_send_addr+0x30>
     22e:	0770      	tjex	lr
     230:	0080000c 	taddeq	r0, r0, ip
     234:	0080000d 	taddeq	r0, r0, sp

00000238 <flash_send_cmd>:
flash_send_cmd():
     238:	6530      	tpush	{r4, r5, lr}
     23a:	ec05      	tadds	r5, r0, #0
     23c:	0c07      	tloadr	r4, [pc, #28]	; (25c <flash_send_cmd+0x24>)
     23e:	a301      	tmovs	r3, #1
     240:	4023      	tstorerb	r3, [r4, #0]
     242:	a001      	tmovs	r0, #1
     244:	9000 98ba 	tjl	3bc <sleep_us>
     248:	a300      	tmovs	r3, #0
     24a:	4023      	tstorerb	r3, [r4, #0]
     24c:	0b04      	tloadr	r3, [pc, #16]	; (260 <flash_send_cmd+0x28>)
     24e:	401d      	tstorerb	r5, [r3, #0]
     250:	a210      	tmovs	r2, #16
     252:	4823      	tloadrb	r3, [r4, #0]
     254:	021a      	tnand	r2, r3
     256:	c1fc      	tjne.n	252 <flash_send_cmd+0x1a>
     258:	6d30      	tpop	{r4, r5, pc}
     25a:	46c0      	tnop			; (mov r8, r8)
     25c:	0080000d 	taddeq	r0, r0, sp
     260:	0080000c 	taddeq	r0, r0, ip

00000264 <flash_wait_done>:
flash_wait_done():
     264:	6570      	tpush	{r4, r5, r6, lr}
     266:	a064      	tmovs	r0, #100	; 0x64
     268:	9000 98a8 	tjl	3bc <sleep_us>
     26c:	a005      	tmovs	r0, #5
     26e:	97ff 9fe3 	tjl	238 <flash_send_cmd>
     272:	080a      	tloadr	r0, [pc, #40]	; (29c <flash_wait_done+0x38>)
     274:	0c0a      	tloadr	r4, [pc, #40]	; (2a0 <flash_wait_done+0x3c>)
     276:	a600      	tmovs	r6, #0
     278:	090a      	tloadr	r1, [pc, #40]	; (2a4 <flash_wait_done+0x40>)
     27a:	a210      	tmovs	r2, #16
     27c:	a501      	tmovs	r5, #1
     27e:	4026      	tstorerb	r6, [r4, #0]
     280:	480b      	tloadrb	r3, [r1, #0]
     282:	021a      	tnand	r2, r3
     284:	c1fc      	tjne.n	280 <flash_wait_done+0x1c>
     286:	4823      	tloadrb	r3, [r4, #0]
     288:	021d      	tnand	r5, r3
     28a:	c002      	tjeq.n	292 <flash_wait_done+0x2e>
     28c:	b801      	tsubs	r0, #1
     28e:	a800      	tcmp	r0, #0
     290:	c1f5      	tjne.n	27e <flash_wait_done+0x1a>
     292:	a201      	tmovs	r2, #1
     294:	0b03      	tloadr	r3, [pc, #12]	; (2a4 <flash_wait_done+0x40>)
     296:	401a      	tstorerb	r2, [r3, #0]
     298:	6d70      	tpop	{r4, r5, r6, pc}
     29a:	46c0      	tnop			; (mov r8, r8)
     29c:	00989680 	taddseq	r9, r8, r0, lsl #13
     2a0:	0080000c 	taddeq	r0, r0, ip
     2a4:	0080000d 	taddeq	r0, r0, sp

000002a8 <flash_erase_sector>:
flash_erase_sector():
     2a8:	6570      	tpush	{r4, r5, r6, lr}
     2aa:	ec06      	tadds	r6, r0, #0
     2ac:	0c0b      	tloadr	r4, [pc, #44]	; (2dc <flash_erase_sector+0x34>)
     2ae:	4825      	tloadrb	r5, [r4, #0]
     2b0:	a300      	tmovs	r3, #0
     2b2:	4023      	tstorerb	r3, [r4, #0]
     2b4:	a208      	tmovs	r2, #8
     2b6:	0b0a      	tloadr	r3, [pc, #40]	; (2e0 <flash_erase_sector+0x38>)
     2b8:	401a      	tstorerb	r2, [r3, #0]
     2ba:	a006      	tmovs	r0, #6
     2bc:	97ff 9fbc 	tjl	238 <flash_send_cmd>
     2c0:	a020      	tmovs	r0, #32
     2c2:	97ff 9fb9 	tjl	238 <flash_send_cmd>
     2c6:	ec30      	tadds	r0, r6, #0
     2c8:	97ff 9f96 	tjl	1f8 <flash_send_addr>
     2cc:	a201      	tmovs	r2, #1
     2ce:	0b05      	tloadr	r3, [pc, #20]	; (2e4 <flash_erase_sector+0x3c>)
     2d0:	401a      	tstorerb	r2, [r3, #0]
     2d2:	97ff 9fc7 	tjl	264 <flash_wait_done>
     2d6:	4025      	tstorerb	r5, [r4, #0]
     2d8:	6d70      	tpop	{r4, r5, r6, pc}
     2da:	46c0      	tnop			; (mov r8, r8)
     2dc:	00800643 	taddeq	r0, r0, r3, asr #12
     2e0:	00800623 	taddeq	r0, r0, r3, lsr #12
     2e4:	0080000d 	taddeq	r0, r0, sp

000002e8 <flash_write_page>:
flash_write_page():
     2e8:	65f0      	tpush	{r4, r5, r6, r7, lr}
     2ea:	ec06      	tadds	r6, r0, #0
     2ec:	ec0c      	tadds	r4, r1, #0
     2ee:	ec15      	tadds	r5, r2, #0
     2f0:	0b11      	tloadr	r3, [pc, #68]	; (338 <flash_write_page+0x50>)
     2f2:	481f      	tloadrb	r7, [r3, #0]
     2f4:	a200      	tmovs	r2, #0
     2f6:	401a      	tstorerb	r2, [r3, #0]
     2f8:	a006      	tmovs	r0, #6
     2fa:	97ff 9f9d 	tjl	238 <flash_send_cmd>
     2fe:	a002      	tmovs	r0, #2
     300:	97ff 9f9a 	tjl	238 <flash_send_cmd>
     304:	ec30      	tadds	r0, r6, #0
     306:	97ff 9f77 	tjl	1f8 <flash_send_addr>
     30a:	ac00      	tcmp	r4, #0
     30c:	c00b      	tjeq.n	326 <flash_write_page+0x3e>
     30e:	a000      	tmovs	r0, #0
     310:	0e0a      	tloadr	r6, [pc, #40]	; (33c <flash_write_page+0x54>)
     312:	090b      	tloadr	r1, [pc, #44]	; (340 <flash_write_page+0x58>)
     314:	a210      	tmovs	r2, #16
     316:	1c2b      	tloadrb	r3, [r5, r0]
     318:	4033      	tstorerb	r3, [r6, #0]
     31a:	480b      	tloadrb	r3, [r1, #0]
     31c:	021a      	tnand	r2, r3
     31e:	c1fc      	tjne.n	31a <flash_write_page+0x32>
     320:	b001      	tadds	r0, #1
     322:	0284      	tcmp	r4, r0
     324:	c8f7      	tjhi.n	316 <flash_write_page+0x2e>
     326:	a201      	tmovs	r2, #1
     328:	0b05      	tloadr	r3, [pc, #20]	; (340 <flash_write_page+0x58>)
     32a:	401a      	tstorerb	r2, [r3, #0]
     32c:	97ff 9f9a 	tjl	264 <flash_wait_done>
     330:	0b01      	tloadr	r3, [pc, #4]	; (338 <flash_write_page+0x50>)
     332:	401f      	tstorerb	r7, [r3, #0]
     334:	6df0      	tpop	{r4, r5, r6, r7, pc}
     336:	46c0      	tnop			; (mov r8, r8)
     338:	00800643 	taddeq	r0, r0, r3, asr #12
     33c:	0080000c 	taddeq	r0, r0, ip
     340:	0080000d 	taddeq	r0, r0, sp

00000344 <flash_read_page>:
flash_read_page():
     344:	65f0      	tpush	{r4, r5, r6, r7, lr}
     346:	0647      	tmov	r7, r8
     348:	6480      	tpush	{r7}
     34a:	ec07      	tadds	r7, r0, #0
     34c:	ec0c      	tadds	r4, r1, #0
     34e:	ec15      	tadds	r5, r2, #0
     350:	0b17      	tloadr	r3, [pc, #92]	; (3b0 <flash_read_page+0x6c>)
     352:	481a      	tloadrb	r2, [r3, #0]
     354:	0690      	tmov	r8, r2
     356:	a600      	tmovs	r6, #0
     358:	401e      	tstorerb	r6, [r3, #0]
     35a:	a003      	tmovs	r0, #3
     35c:	97ff 9f6c 	tjl	238 <flash_send_cmd>
     360:	ec38      	tadds	r0, r7, #0
     362:	97ff 9f49 	tjl	1f8 <flash_send_addr>
     366:	0b13      	tloadr	r3, [pc, #76]	; (3b4 <flash_read_page+0x70>)
     368:	401e      	tstorerb	r6, [r3, #0]
     36a:	0813      	tloadr	r0, [pc, #76]	; (3b8 <flash_read_page+0x74>)
     36c:	a110      	tmovs	r1, #16
     36e:	0a12      	tloadr	r2, [pc, #72]	; (3b8 <flash_read_page+0x74>)
     370:	4803      	tloadrb	r3, [r0, #0]
     372:	0219      	tnand	r1, r3
     374:	c1fb      	tjne.n	36e <flash_read_page+0x2a>
     376:	a30a      	tmovs	r3, #10
     378:	4013      	tstorerb	r3, [r2, #0]
     37a:	a110      	tmovs	r1, #16
     37c:	4813      	tloadrb	r3, [r2, #0]
     37e:	0219      	tnand	r1, r3
     380:	c1fc      	tjne.n	37c <flash_read_page+0x38>
     382:	ac00      	tcmp	r4, #0
     384:	c00b      	tjeq.n	39e <flash_read_page+0x5a>
     386:	a000      	tmovs	r0, #0
     388:	0e0a      	tloadr	r6, [pc, #40]	; (3b4 <flash_read_page+0x70>)
     38a:	090b      	tloadr	r1, [pc, #44]	; (3b8 <flash_read_page+0x74>)
     38c:	a210      	tmovs	r2, #16
     38e:	4833      	tloadrb	r3, [r6, #0]
     390:	142b      	tstorerb	r3, [r5, r0]
     392:	480b      	tloadrb	r3, [r1, #0]
     394:	021a      	tnand	r2, r3
     396:	c1fc      	tjne.n	392 <flash_read_page+0x4e>
     398:	b001      	tadds	r0, #1
     39a:	02a0      	tcmp	r0, r4
     39c:	c1f7      	tjne.n	38e <flash_read_page+0x4a>
     39e:	a201      	tmovs	r2, #1
     3a0:	0b05      	tloadr	r3, [pc, #20]	; (3b8 <flash_read_page+0x74>)
     3a2:	401a      	tstorerb	r2, [r3, #0]
     3a4:	0b02      	tloadr	r3, [pc, #8]	; (3b0 <flash_read_page+0x6c>)
     3a6:	0642      	tmov	r2, r8
     3a8:	401a      	tstorerb	r2, [r3, #0]
     3aa:	6c04      	tpop	{r2}
     3ac:	0690      	tmov	r8, r2
     3ae:	6df0      	tpop	{r4, r5, r6, r7, pc}
     3b0:	00800643 	taddeq	r0, r0, r3, asr #12
     3b4:	0080000c 	taddeq	r0, r0, ip
     3b8:	0080000d 	taddeq	r0, r0, sp

000003bc <sleep_us>:
sleep_us():
     3bc:	0a03      	tloadr	r2, [pc, #12]	; (3cc <sleep_us+0x10>)
     3be:	5811      	tloadr	r1, [r2, #0]
     3c0:	f100      	tshftls	r0, r0, #4
     3c2:	5813      	tloadr	r3, [r2, #0]
     3c4:	ea5b      	tsubs	r3, r3, r1
     3c6:	0298      	tcmp	r0, r3
     3c8:	c2fb      	tjcs.n	3c2 <sleep_us+0x6>
     3ca:	0770      	tjex	lr
     3cc:	00800740 	taddeq	r0, r0, r0, asr #14

000003d0 <__modsi3>:
__modsi3():
     3d0:	a203      	tmovs	r2, #3
     3d2:	8005      	tj.n	3e0 <div>

000003d4 <__divsi3>:
__divsi3():
     3d4:	a201      	tmovs	r2, #1
     3d6:	8003      	tj.n	3e0 <div>

000003d8 <__umodsi3>:
__umodsi3():
     3d8:	a202      	tmovs	r2, #2
     3da:	8001      	tj.n	3e0 <div>

000003dc <__udivsi3>:
__udivsi3():
     3dc:	a200      	tmovs	r2, #0
     3de:	87ff      	tj.n	3e0 <div>

000003e0 <div>:
div():
     3e0:	6bcb      	tmrcs	r3
     3e2:	6418      	tpush	{r3, r4}
     3e4:	a480      	tmovs	r4, #128	; 0x80
     3e6:	0323      	tors	r3, r4
     3e8:	6bc3      	tmcsr	r3
     3ea:	0b09      	tloadr	r3, [pc, #36]	; (410 <div+0x30>)
     3ec:	5018      	tstorer	r0, [r3, #0]
     3ee:	b304      	tadds	r3, #4
     3f0:	5019      	tstorer	r1, [r3, #0]
     3f2:	bb08      	tsubs	r3, #8
     3f4:	401a      	tstorerb	r2, [r3, #0]
     3f6:	4818      	tloadrb	r0, [r3, #0]
     3f8:	a800      	tcmp	r0, #0
     3fa:	c1fc      	tjne.n	3f6 <div+0x16>
     3fc:	aa01      	tcmp	r2, #1
     3fe:	c902      	tjls.n	406 <div+0x26>
     400:	b308      	tadds	r3, #8
     402:	5818      	tloadr	r0, [r3, #0]
     404:	8001      	tj.n	40a <div+0x2a>
     406:	b304      	tadds	r3, #4
     408:	5818      	tloadr	r0, [r3, #0]
     40a:	6c18      	tpop	{r3, r4}
     40c:	6bc3      	tmcsr	r3
     40e:	0770      	tjex	lr
     410:	00800664 	taddeq	r0, r0, r4, ror #12
     414:	00800660 	taddeq	r0, r0, r0, ror #12
     418:	00800668 	taddeq	r0, r0, r8, ror #12
     41c:	46c0      	tnop			; (mov r8, r8)
     41e:	46c0      	tnop			; (mov r8, r8)

00000420 <mz_mul2>:
mz_mul2():
     420:	64f0      	tpush	{r4, r5, r6, r7}
     422:	0644      	tmov	r4, r8
     424:	064d      	tmov	r5, r9
     426:	0656      	tmov	r6, sl
     428:	065f      	tmov	r7, fp
     42a:	64f0      	tpush	{r4, r5, r6, r7}
     42c:	0690      	tmov	r8, r2
     42e:	a201      	tmovs	r2, #1
     430:	0692      	tmov	sl, r2
     432:	ba09      	tsubs	r2, #9
     434:	0691      	tmov	r9, r2
     436:	a200      	tmovs	r2, #0
     438:	a200      	tmovs	r2, #0
     43a:	0e01      	tloadr	r6, [pc, #4]	; (440 <mz_mul2+0x20>)
     43c:	0693      	tmov	fp, r2
     43e:	804c      	tj.n	4da <MZ_MUL2_LOOP>
     440:	008006fc 	undefined instruction 0x008006fc

00000444 <MZ_MUL2_START>:
     444:	035c      	tmuls	r4, r3
     446:	5807      	tloadr	r7, [r0, #0]
     448:	e8a4      	tadds	r4, r4, r2
     44a:	0192      	tsubcs	r2, r2
     44c:	e9e4      	tadds	r4, r4, r7
     44e:	5837      	tloadr	r7, [r6, #0]
     450:	0452      	tadd	r2, sl
     452:	d010      	tstorem	r0!, {r4}
     454:	017a      	taddcs	r2, r7
     456:	035d      	tmuls	r5, r3
     458:	5807      	tloadr	r7, [r0, #0]
     45a:	e8ad      	tadds	r5, r5, r2
     45c:	0192      	tsubcs	r2, r2
     45e:	e9ed      	tadds	r5, r5, r7
     460:	5837      	tloadr	r7, [r6, #0]
     462:	0452      	tadd	r2, sl
     464:	d020      	tstorem	r0!, {r5}
     466:	d930      	tloadm	r1!, {r4, r5}
     468:	017a      	taddcs	r2, r7
     46a:	035c      	tmuls	r4, r3
     46c:	5807      	tloadr	r7, [r0, #0]
     46e:	e8a4      	tadds	r4, r4, r2
     470:	0192      	tsubcs	r2, r2
     472:	e9e4      	tadds	r4, r4, r7
     474:	5837      	tloadr	r7, [r6, #0]
     476:	0452      	tadd	r2, sl
     478:	d010      	tstorem	r0!, {r4}
     47a:	017a      	taddcs	r2, r7
     47c:	035d      	tmuls	r5, r3
     47e:	5807      	tloadr	r7, [r0, #0]
     480:	e8ad      	tadds	r5, r5, r2
     482:	0192      	tsubcs	r2, r2
     484:	e9ed      	tadds	r5, r5, r7
     486:	5837      	tloadr	r7, [r6, #0]
     488:	0452      	tadd	r2, sl
     48a:	d020      	tstorem	r0!, {r5}
     48c:	d930      	tloadm	r1!, {r4, r5}
     48e:	017a      	taddcs	r2, r7
     490:	035c      	tmuls	r4, r3
     492:	5807      	tloadr	r7, [r0, #0]
     494:	e8a4      	tadds	r4, r4, r2
     496:	0192      	tsubcs	r2, r2
     498:	e9e4      	tadds	r4, r4, r7
     49a:	5837      	tloadr	r7, [r6, #0]
     49c:	0452      	tadd	r2, sl
     49e:	d010      	tstorem	r0!, {r4}
     4a0:	017a      	taddcs	r2, r7
     4a2:	035d      	tmuls	r5, r3
     4a4:	5807      	tloadr	r7, [r0, #0]
     4a6:	e8ad      	tadds	r5, r5, r2
     4a8:	0192      	tsubcs	r2, r2
     4aa:	e9ed      	tadds	r5, r5, r7
     4ac:	5837      	tloadr	r7, [r6, #0]
     4ae:	0452      	tadd	r2, sl
     4b0:	d020      	tstorem	r0!, {r5}
     4b2:	d930      	tloadm	r1!, {r4, r5}
     4b4:	017a      	taddcs	r2, r7
     4b6:	035c      	tmuls	r4, r3
     4b8:	5807      	tloadr	r7, [r0, #0]
     4ba:	e8a4      	tadds	r4, r4, r2
     4bc:	0192      	tsubcs	r2, r2
     4be:	e9e4      	tadds	r4, r4, r7
     4c0:	5837      	tloadr	r7, [r6, #0]
     4c2:	0452      	tadd	r2, sl
     4c4:	d010      	tstorem	r0!, {r4}
     4c6:	017a      	taddcs	r2, r7
     4c8:	035d      	tmuls	r5, r3
     4ca:	5807      	tloadr	r7, [r0, #0]
     4cc:	e8ad      	tadds	r5, r5, r2
     4ce:	0192      	tsubcs	r2, r2
     4d0:	e9ed      	tadds	r5, r5, r7
     4d2:	5837      	tloadr	r7, [r6, #0]
     4d4:	0452      	tadd	r2, sl
     4d6:	d020      	tstorem	r0!, {r5}
     4d8:	017a      	taddcs	r2, r7

000004da <MZ_MUL2_LOOP>:
     4da:	d930      	tloadm	r1!, {r4, r5}
     4dc:	04c8      	tadd	r8, r9
     4de:	05d8      	tcmp	r8, fp
     4e0:	cab0      	tjge.n	444 <MZ_MUL2_START>
     4e2:	0645      	tmov	r5, r8
     4e4:	b508      	tadds	r5, #8
     4e6:	b908      	tsubs	r1, #8
     4e8:	8008      	tj.n	4fc <MZ_MUL2_LOOP2>

000004ea <MZ_MUL2_START2>:
     4ea:	035c      	tmuls	r4, r3
     4ec:	5807      	tloadr	r7, [r0, #0]
     4ee:	e8a4      	tadds	r4, r4, r2
     4f0:	0192      	tsubcs	r2, r2
     4f2:	e9e4      	tadds	r4, r4, r7
     4f4:	5837      	tloadr	r7, [r6, #0]
     4f6:	0452      	tadd	r2, sl
     4f8:	d010      	tstorem	r0!, {r4}
     4fa:	017a      	taddcs	r2, r7

000004fc <MZ_MUL2_LOOP2>:
     4fc:	d910      	tloadm	r1!, {r4}
     4fe:	bd01      	tsubs	r5, #1
     500:	ad00      	tcmp	r5, #0
     502:	caf2      	tjge.n	4ea <MZ_MUL2_START2>

00000504 <MZ_MUL2_END>:
     504:	d004      	tstorem	r0!, {r2}
     506:	6cf0      	tpop	{r4, r5, r6, r7}
     508:	06a0      	tmov	r8, r4
     50a:	06a9      	tmov	r9, r5
     50c:	06b2      	tmov	sl, r6
     50e:	06bb      	tmov	fp, r7
     510:	6cf0      	tpop	{r4, r5, r6, r7}
     512:	0770      	tjex	lr
     514:	06c0      	tmov	r8, r8
     516:	46c0      	tnop			; (mov r8, r8)

00000518 <blt_packet_crc24_opt>:
blt_packet_crc24_opt():
     518:	65f8      	tpush	{r3, r4, r5, r6, r7, lr}
     51a:	0645      	tmov	r5, r8
     51c:	6420      	tpush	{r5}
     51e:	ec0d      	tadds	r5, r1, #0
     520:	0241      	tnegs	r1, r0
     522:	a403      	tmovs	r4, #3
     524:	0021      	tands	r1, r4
     526:	ea6d      	tsubs	r5, r5, r1
     528:	ca01      	tjge.n	52e <CRC24_SAVE_WORD_NUM>
     52a:	e949      	tadds	r1, r1, r5
     52c:	a500      	tmovs	r5, #0

0000052e <CRC24_SAVE_WORD_NUM>:
     52e:	06a8      	tmov	r8, r5
     530:	ec04      	tadds	r4, r0, #0
     532:	a000      	tmovs	r0, #0
     534:	a73c      	tmovs	r7, #60	; 0x3c

00000536 <CRC24_BYTE_LOOP>:
     536:	0288      	tcmp	r0, r1
     538:	c00d      	tjeq.n	556 <CRC24_BYTE_END>
     53a:	1c26      	tloadrb	r6, [r4, r0]
     53c:	0056      	txors	r6, r2
     53e:	f0b5      	tshftls	r5, r6, #2
     540:	003d      	tands	r5, r7
     542:	18ed      	tloadr	r5, [r5, r3]
     544:	e112      	tasrs	r2, r2, #4
     546:	f8b6      	tshftrs	r6, r6, #2
     548:	006a      	txors	r2, r5
     54a:	003e      	tands	r6, r7
     54c:	18f6      	tloadr	r6, [r6, r3]
     54e:	e112      	tasrs	r2, r2, #4
     550:	b001      	tadds	r0, #1
     552:	0072      	txors	r2, r6
     554:	c1ef      	tjne.n	536 <CRC24_BYTE_LOOP>

00000556 <CRC24_BYTE_END>:
     556:	0641      	tmov	r1, r8
     558:	a900      	tcmp	r1, #0
     55a:	c03b      	tjeq.n	5d4 <CRC24_END>
     55c:	a500      	tmovs	r5, #0
     55e:	06a8      	tmov	r8, r5
     560:	e824      	tadds	r4, r4, r0
     562:	a000      	tmovs	r0, #0

00000564 <CRC24_WORD_LOOP>:
     564:	b904      	tsubs	r1, #4
     566:	cb33      	tjlt.n	5d0 <CRC24_WORD_END>
     568:	5820      	tloadr	r0, [r4, #0]
     56a:	b404      	tadds	r4, #4
     56c:	f006      	tshftls	r6, r0, #0

0000056e <CRC24_WORD_nib0>:
     56e:	0056      	txors	r6, r2
     570:	f0b5      	tshftls	r5, r6, #2
     572:	003d      	tands	r5, r7
     574:	18ed      	tloadr	r5, [r5, r3]
     576:	e112      	tasrs	r2, r2, #4
     578:	f8b6      	tshftrs	r6, r6, #2
     57a:	003e      	tands	r6, r7
     57c:	18f6      	tloadr	r6, [r6, r3]
     57e:	006a      	txors	r2, r5

00000580 <CRC24_WORD_nib1>:
     580:	e112      	tasrs	r2, r2, #4
     582:	fa05      	tshftrs	r5, r0, #8
     584:	0072      	txors	r2, r6

00000586 <CRC24_WORD_nib2>:
     586:	0055      	txors	r5, r2
     588:	f0ae      	tshftls	r6, r5, #2
     58a:	003e      	tands	r6, r7
     58c:	18f6      	tloadr	r6, [r6, r3]
     58e:	e112      	tasrs	r2, r2, #4
     590:	f8ad      	tshftrs	r5, r5, #2
     592:	003d      	tands	r5, r7
     594:	18ed      	tloadr	r5, [r5, r3]
     596:	0072      	txors	r2, r6

00000598 <CRC24_WORD_nib3>:
     598:	e112      	tasrs	r2, r2, #4
     59a:	fc06      	tshftrs	r6, r0, #16
     59c:	006a      	txors	r2, r5

0000059e <CRC24_WORD_nib4>:
     59e:	0056      	txors	r6, r2
     5a0:	f0b5      	tshftls	r5, r6, #2
     5a2:	003d      	tands	r5, r7
     5a4:	18ed      	tloadr	r5, [r5, r3]
     5a6:	e112      	tasrs	r2, r2, #4
     5a8:	f8b6      	tshftrs	r6, r6, #2
     5aa:	003e      	tands	r6, r7
     5ac:	18f6      	tloadr	r6, [r6, r3]
     5ae:	006a      	txors	r2, r5

000005b0 <CRC24_WORD_nib5>:
     5b0:	e112      	tasrs	r2, r2, #4
     5b2:	fe05      	tshftrs	r5, r0, #24
     5b4:	0072      	txors	r2, r6

000005b6 <CRC24_WORD_nib6>:
     5b6:	0055      	txors	r5, r2
     5b8:	f0ae      	tshftls	r6, r5, #2
     5ba:	003e      	tands	r6, r7
     5bc:	18f6      	tloadr	r6, [r6, r3]
     5be:	e112      	tasrs	r2, r2, #4
     5c0:	f8ad      	tshftrs	r5, r5, #2
     5c2:	003d      	tands	r5, r7
     5c4:	18ed      	tloadr	r5, [r5, r3]
     5c6:	0072      	txors	r2, r6

000005c8 <CRC24_WORD_nib7>:
     5c8:	e112      	tasrs	r2, r2, #4
     5ca:	a000      	tmovs	r0, #0
     5cc:	006a      	txors	r2, r5
     5ce:	87c9      	tj.n	564 <CRC24_WORD_LOOP>

000005d0 <CRC24_WORD_END>:
     5d0:	b104      	tadds	r1, #4
     5d2:	87b0      	tj.n	536 <CRC24_BYTE_LOOP>

000005d4 <CRC24_END>:
     5d4:	ec10      	tadds	r0, r2, #0
     5d6:	6c20      	tpop	{r5}
     5d8:	06a8      	tmov	r8, r5
     5da:	6df8      	tpop	{r3, r4, r5, r6, r7, pc}
     5dc:	06c0      	tmov	r8, r8
     5de:	46c0      	tnop			; (mov r8, r8)

000005e0 <user_init_normal>:
user_init_normal():
     5e0:	6500      	tpush	{lr}
     5e2:	900d 9aa5 	tjl	db30 <random_generator_init>
     5e6:	9000 9ae3 	tjl	bb0 <init_time>
     5ea:	9009 99a5 	tjl	9938 <init_ble>
     5ee:	9009 9ba1 	tjl	9d34 <init_flash>
     5f2:	6d00      	tpop	{pc}

000005f4 <user_init_deepRetn>:
user_init_deepRetn():
     5f4:	6500      	tpush	{lr}
     5f6:	9002 9cab 	tjl	2f50 <blc_ll_initBasicMCU>
     5fa:	a0bf      	tmovs	r0, #191	; 0xbf
     5fc:	9001 9f98 	tjl	2530 <rf_set_power_level_index>
     600:	9002 9c2c 	tjl	2e5c <blc_ll_recoverDeepRetention>
     604:	6d00      	tpop	{pc}
     606:	46c0      	tnop			; (mov r8, r8)

00000608 <main_loop>:
main_loop():
     608:	6530      	tpush	{r4, r5, lr}
     60a:	608c      	tsub	sp, #48	; 0x30
     60c:	9002 9ab0 	tjl	2b70 <blt_sdk_main_loop>
     610:	9000 9aea 	tjl	be8 <handler_time>
     614:	a001      	tmovs	r0, #1
     616:	a11e      	tmovs	r1, #30
     618:	9000 9b32 	tjl	c80 <time_reached_period>
     61c:	a800      	tcmp	r0, #0
     61e:	c12d      	tjne.n	67c <main_loop+0x74>
     620:	a003      	tmovs	r0, #3
     622:	a111      	tmovs	r1, #17
     624:	9000 9b2c 	tjl	c80 <time_reached_period>
     628:	a800      	tcmp	r0, #0
     62a:	c147      	tjne.n	6bc <main_loop+0xb4>
     62c:	0d25      	tloadr	r5, [pc, #148]	; (6c4 <main_loop+0xbc>)
     62e:	7c05      	tadd	r4, sp, #20
     630:	ec20      	tadds	r0, r4, #0
     632:	9000 9b53 	tjl	cdc <get_time>
     636:	282b      	tloadrh	r3, [r5, #0]
     638:	3303      	tstorer	r3, [sp, #12]
     63a:	a004      	tmovs	r0, #4
     63c:	1e2b      	tloadrsh	r3, [r5, r0]
     63e:	3304      	tstorer	r3, [sp, #16]
     640:	7b09      	tadd	r3, sp, #36	; 0x24
     642:	066a      	tmov	r2, sp
     644:	db23      	tloadm	r3!, {r0, r1, r5}
     646:	d223      	tstorem	r2!, {r0, r1, r5}
     648:	3805      	tloadr	r0, [sp, #20]
     64a:	5861      	tloadr	r1, [r4, #4]
     64c:	58a2      	tloadr	r2, [r4, #8]
     64e:	58e3      	tloadr	r3, [r4, #12]
     650:	9009 9df0 	tjl	a234 <epd_update>
     654:	9000 9df2 	tjl	123c <epd_state_handler>
     658:	a800      	tcmp	r0, #0
     65a:	c103      	tjne.n	664 <main_loop+0x5c>
     65c:	9000 9a3c 	tjl	ad8 <blt_pm_proc>
     660:	600c      	tadd	sp, #48	; 0x30
     662:	6d30      	tpop	{r4, r5, pc}
     664:	a002      	tmovs	r0, #2
     666:	a101      	tmovs	r1, #1
     668:	a201      	tmovs	r2, #1
     66a:	900d 99c3 	tjl	d9f4 <cpu_set_gpio_wakeup>
     66e:	a010      	tmovs	r0, #16
     670:	900f 98f0 	tjl	f854 <bls_pm_setWakeupSource>
     674:	a000      	tmovs	r0, #0
     676:	900f 98f3 	tjl	f860 <bls_pm_setSuspendMask>
     67a:	87f1      	tj.n	660 <main_loop+0x58>
     67c:	9000 9928 	tjl	8d0 <get_battery_mv>
     680:	0d10      	tloadr	r5, [pc, #64]	; (6c4 <main_loop+0xbc>)
     682:	2028      	tstorerh	r0, [r5, #0]
     684:	9000 993c 	tjl	900 <get_battery_level>
     688:	40a8      	tstorerb	r0, [r5, #2]
     68a:	9000 9997 	tjl	9bc <get_temperature_c>
     68e:	20a8      	tstorerh	r0, [r5, #4]
     690:	9000 9d42 	tjl	1118 <EPD_read_temp>
     694:	f083      	tshftls	r3, r0, #2
     696:	e818      	tadds	r0, r3, r0
     698:	f440      	tshftls	r0, r0, #17
     69a:	e400      	tasrs	r0, r0, #16
     69c:	48a9      	tloadrb	r1, [r5, #2]
     69e:	282a      	tloadrh	r2, [r5, #0]
     6a0:	9000 9a38 	tjl	b14 <set_adv_data>
     6a4:	48a8      	tloadrb	r0, [r5, #2]
     6a6:	9000 9a79 	tjl	b9c <ble_send_battery>
     6aa:	9000 9d35 	tjl	1118 <EPD_read_temp>
     6ae:	f083      	tshftls	r3, r0, #2
     6b0:	e818      	tadds	r0, r3, r0
     6b2:	f440      	tshftls	r0, r0, #17
     6b4:	e400      	tasrs	r0, r0, #16
     6b6:	9000 9a65 	tjl	b84 <ble_send_temp>
     6ba:	87b8      	tj.n	62e <main_loop+0x26>
     6bc:	9000 9a48 	tjl	b50 <set_air_tag_adv_data>
     6c0:	87b4      	tj.n	62c <main_loop+0x24>
     6c2:	46c0      	tnop			; (mov r8, r8)
     6c4:	00843e8c 	taddeq	r3, r4, ip, lsl #29

000006c8 <adc_init_firmware>:
adc_init_firmware():
     6c8:	6570      	tpush	{r4, r5, r6, lr}
     6ca:	f606      	tshftls	r6, r0, #24
     6cc:	fe36      	tshftrs	r6, r6, #24
     6ce:	f60d      	tshftls	r5, r1, #24
     6d0:	fe2d      	tshftrs	r5, r5, #24
     6d2:	a0fc      	tmovs	r0, #252	; 0xfc
     6d4:	97ff 9d3c 	tjl	150 <analog_read>
     6d8:	a420      	tmovs	r4, #32
     6da:	ec01      	tadds	r1, r0, #0
     6dc:	03a1      	tbclrs	r1, r4
     6de:	a320      	tmovs	r3, #32
     6e0:	0319      	tors	r1, r3
     6e2:	f609      	tshftls	r1, r1, #24
     6e4:	fe09      	tshftrs	r1, r1, #24
     6e6:	a0fc      	tmovs	r0, #252	; 0xfc
     6e8:	97ff 9d52 	tjl	190 <analog_write>
     6ec:	a0f4      	tmovs	r0, #244	; 0xf4
     6ee:	a105      	tmovs	r1, #5
     6f0:	97ff 9d4e 	tjl	190 <analog_write>
     6f4:	a0fc      	tmovs	r0, #252	; 0xfc
     6f6:	97ff 9d2b 	tjl	150 <analog_read>
     6fa:	a30f      	tmovs	r3, #15
     6fc:	ec01      	tadds	r1, r0, #0
     6fe:	0399      	tbclrs	r1, r3
     700:	a305      	tmovs	r3, #5
     702:	0319      	tors	r1, r3
     704:	f609      	tshftls	r1, r1, #24
     706:	fe09      	tshftrs	r1, r1, #24
     708:	a0fc      	tmovs	r0, #252	; 0xfc
     70a:	97ff 9d41 	tjl	190 <analog_write>
     70e:	a0f2      	tmovs	r0, #242	; 0xf2
     710:	a124      	tmovs	r1, #36	; 0x24
     712:	97ff 9d3d 	tjl	190 <analog_write>
     716:	a0ef      	tmovs	r0, #239	; 0xef
     718:	a1f0      	tmovs	r1, #240	; 0xf0
     71a:	97ff 9d39 	tjl	190 <analog_write>
     71e:	a0f0      	tmovs	r0, #240	; 0xf0
     720:	a100      	tmovs	r1, #0
     722:	97ff 9d35 	tjl	190 <analog_write>
     726:	a0f1      	tmovs	r0, #241	; 0xf1
     728:	a10a      	tmovs	r1, #10
     72a:	97ff 9d31 	tjl	190 <analog_write>
     72e:	a0ec      	tmovs	r0, #236	; 0xec
     730:	a143      	tmovs	r1, #67	; 0x43
     732:	97ff 9d2d 	tjl	190 <analog_write>
     736:	f131      	tshftls	r1, r6, #4
     738:	030d      	tors	r5, r1
     73a:	f629      	tshftls	r1, r5, #24
     73c:	fe09      	tshftrs	r1, r1, #24
     73e:	a0e8      	tmovs	r0, #232	; 0xe8
     740:	97ff 9d26 	tjl	190 <analog_write>
     744:	a0ec      	tmovs	r0, #236	; 0xec
     746:	97ff 9d03 	tjl	150 <analog_read>
     74a:	a340      	tmovs	r3, #64	; 0x40
     74c:	ec01      	tadds	r1, r0, #0
     74e:	0319      	tors	r1, r3
     750:	f609      	tshftls	r1, r1, #24
     752:	fe09      	tshftrs	r1, r1, #24
     754:	a0ec      	tmovs	r0, #236	; 0xec
     756:	97ff 9d1b 	tjl	190 <analog_write>
     75a:	a004      	tmovs	r0, #4
     75c:	a102      	tmovs	r1, #2
     75e:	9007 9ec5 	tjl	84ec <adc_set_ref_voltage>
     762:	a0ee      	tmovs	r0, #238	; 0xee
     764:	a101      	tmovs	r1, #1
     766:	97ff 9d13 	tjl	190 <analog_write>
     76a:	a000      	tmovs	r0, #0
     76c:	9007 9fd8 	tjl	8720 <adc_set_ain_pre_scaler>
     770:	a0fc      	tmovs	r0, #252	; 0xfc
     772:	97ff 9ced 	tjl	150 <analog_read>
     776:	ec01      	tadds	r1, r0, #0
     778:	03a1      	tbclrs	r1, r4
     77a:	f609      	tshftls	r1, r1, #24
     77c:	fe09      	tshftrs	r1, r1, #24
     77e:	a0fc      	tmovs	r0, #252	; 0xfc
     780:	97ff 9d06 	tjl	190 <analog_write>
     784:	6d70      	tpop	{r4, r5, r6, pc}
     786:	46c0      	tnop			; (mov r8, r8)

00000788 <get_adc_reading>:
get_adc_reading():
     788:	65f0      	tpush	{r4, r5, r6, r7, lr}
     78a:	0657      	tmov	r7, sl
     78c:	064e      	tmov	r6, r9
     78e:	0645      	tmov	r5, r8
     790:	64e0      	tpush	{r5, r6, r7}
     792:	608c      	tsub	sp, #48	; 0x30
     794:	f600      	tshftls	r0, r0, #24
     796:	fe00      	tshftrs	r0, r0, #24
     798:	f609      	tshftls	r1, r1, #24
     79a:	fe09      	tshftrs	r1, r1, #24
     79c:	97ff 9f94 	tjl	6c8 <adc_init_firmware>
     7a0:	0a46      	tloadr	r2, [pc, #280]	; (8bc <get_adc_reading+0x134>)
     7a2:	a320      	tmovs	r3, #32
     7a4:	4013      	tstorerb	r3, [r2, #0]
     7a6:	a300      	tmovs	r3, #0
     7a8:	4013      	tstorerb	r3, [r2, #0]
     7aa:	0845      	tloadr	r0, [pc, #276]	; (8c0 <get_adc_reading+0x138>)
     7ac:	5804      	tloadr	r4, [r0, #0]
     7ae:	3308      	tstorer	r3, [sp, #32]
     7b0:	3309      	tstorer	r3, [sp, #36]	; 0x24
     7b2:	330a      	tstorer	r3, [sp, #40]	; 0x28
     7b4:	330b      	tstorer	r3, [sp, #44]	; 0x2c
     7b6:	066a      	tmov	r2, sp
     7b8:	3300      	tstorer	r3, [sp, #0]
     7ba:	3301      	tstorer	r3, [sp, #4]
     7bc:	3302      	tstorer	r3, [sp, #8]
     7be:	3303      	tstorer	r3, [sp, #12]
     7c0:	3304      	tstorer	r3, [sp, #16]
     7c2:	3305      	tstorer	r3, [sp, #20]
     7c4:	3306      	tstorer	r3, [sp, #24]
     7c6:	3307      	tstorer	r3, [sp, #28]
     7c8:	a1c8      	tmovs	r1, #200	; 0xc8
     7ca:	f049      	tshftls	r1, r1, #1
     7cc:	5803      	tloadr	r3, [r0, #0]
     7ce:	eb1b      	tsubs	r3, r3, r4
     7d0:	028b      	tcmp	r3, r1
     7d2:	c9fb      	tjls.n	7cc <get_adc_reading+0x44>
     7d4:	f411      	tshftls	r1, r2, #16
     7d6:	fc09      	tshftrs	r1, r1, #16
     7d8:	0b3a      	tloadr	r3, [pc, #232]	; (8c4 <get_adc_reading+0x13c>)
     7da:	2019      	tstorerh	r1, [r3, #0]
     7dc:	a101      	tmovs	r1, #1
     7de:	b302      	tadds	r3, #2
     7e0:	4019      	tstorerb	r1, [r3, #0]
     7e2:	a100      	tmovs	r1, #0
     7e4:	b314      	tadds	r3, #20
     7e6:	2019      	tstorerh	r1, [r3, #0]
     7e8:	bb0e      	tsubs	r3, #14
     7ea:	4818      	tloadrb	r0, [r3, #0]
     7ec:	a104      	tmovs	r1, #4
     7ee:	0301      	tors	r1, r0
     7f0:	f609      	tshftls	r1, r1, #24
     7f2:	fe09      	tshftrs	r1, r1, #24
     7f4:	4019      	tstorerb	r1, [r3, #0]
     7f6:	066c      	tmov	r4, sp
     7f8:	b41e      	tadds	r4, #30
     7fa:	a601      	tmovs	r6, #1
     7fc:	0276      	tnegs	r6, r6
     7fe:	a701      	tmovs	r7, #1
     800:	a500      	tmovs	r5, #0
     802:	7808      	tadd	r0, sp, #32
     804:	0680      	tmov	r8, r0
     806:	a180      	tmovs	r1, #128	; 0x80
     808:	f18b      	tshftls	r3, r1, #6
     80a:	069c      	tmov	ip, r3
     80c:	06aa      	tmov	sl, r5
     80e:	f0a9      	tshftls	r1, r5, #2
     810:	1853      	tloadr	r3, [r2, r1]
     812:	ab00      	tcmp	r3, #0
     814:	c0fc      	tjeq.n	810 <get_adc_reading+0x88>
     816:	1853      	tloadr	r3, [r2, r1]
     818:	0660      	tmov	r0, ip
     81a:	0203      	tnand	r3, r0
     81c:	c01f      	tjeq.n	85e <get_adc_reading+0xd6>
     81e:	0651      	tmov	r1, sl
     820:	2061      	tstorerh	r1, [r4, #2]
     822:	ad00      	tcmp	r5, #0
     824:	c016      	tjeq.n	854 <get_adc_reading+0xcc>
     826:	2863      	tloadrh	r3, [r4, #2]
     828:	0699      	tmov	r9, r3
     82a:	ec31      	tadds	r1, r6, #0
     82c:	2823      	tloadrh	r3, [r4, #0]
     82e:	0599      	tcmp	r9, r3
     830:	c20e      	tjcs.n	850 <get_adc_reading+0xc8>
     832:	2063      	tstorerh	r3, [r4, #2]
     834:	f073      	tshftls	r3, r6, #1
     836:	0443      	tadd	r3, r8
     838:	2818      	tloadrh	r0, [r3, #0]
     83a:	0581      	tcmp	r9, r0
     83c:	c203      	tjcs.n	846 <get_adc_reading+0xbe>
     83e:	2058      	tstorerh	r0, [r3, #2]
     840:	bb02      	tsubs	r3, #2
     842:	b901      	tsubs	r1, #1
     844:	c5f8      	tjpl.n	838 <get_adc_reading+0xb0>
     846:	b101      	tadds	r1, #1
     848:	f049      	tshftls	r1, r1, #1
     84a:	064b      	tmov	r3, r9
     84c:	0640      	tmov	r0, r8
     84e:	1243      	tstorerh	r3, [r0, r1]
     850:	af07      	tcmp	r7, #7
     852:	cc09      	tjgt.n	868 <get_adc_reading+0xe0>
     854:	b501      	tadds	r5, #1
     856:	b701      	tadds	r7, #1
     858:	b402      	tadds	r4, #2
     85a:	b601      	tadds	r6, #1
     85c:	87d7      	tj.n	80e <get_adc_reading+0x86>
     85e:	1853      	tloadr	r3, [r2, r1]
     860:	f4db      	tshftls	r3, r3, #19
     862:	fcdb      	tshftrs	r3, r3, #19
     864:	2063      	tstorerh	r3, [r4, #2]
     866:	87dc      	tj.n	822 <get_adc_reading+0x9a>
     868:	0b17      	tloadr	r3, [pc, #92]	; (8c8 <get_adc_reading+0x140>)
     86a:	481a      	tloadrb	r2, [r3, #0]
     86c:	a104      	tmovs	r1, #4
     86e:	038a      	tbclrs	r2, r1
     870:	401a      	tstorerb	r2, [r3, #0]
     872:	0640      	tmov	r0, r8
     874:	28c2      	tloadrh	r2, [r0, #6]
     876:	2883      	tloadrh	r3, [r0, #4]
     878:	e8d2      	tadds	r2, r2, r3
     87a:	2903      	tloadrh	r3, [r0, #8]
     87c:	e8d2      	tadds	r2, r2, r3
     87e:	2943      	tloadrh	r3, [r0, #10]
     880:	e8d2      	tadds	r2, r2, r3
     882:	e092      	tasrs	r2, r2, #2
     884:	0b11      	tloadr	r3, [pc, #68]	; (8cc <get_adc_reading+0x144>)
     886:	4819      	tloadrb	r1, [r3, #0]
     888:	485c      	tloadrb	r4, [r3, #1]
     88a:	f224      	tshftls	r4, r4, #8
     88c:	030c      	tors	r4, r1
     88e:	0354      	tmuls	r4, r2
     890:	f1a4      	tshftls	r4, r4, #6
     892:	fc24      	tshftrs	r4, r4, #16
     894:	a0fc      	tmovs	r0, #252	; 0xfc
     896:	97ff 9c5b 	tjl	150 <analog_read>
     89a:	a320      	tmovs	r3, #32
     89c:	ec01      	tadds	r1, r0, #0
     89e:	0399      	tbclrs	r1, r3
     8a0:	0319      	tors	r1, r3
     8a2:	f609      	tshftls	r1, r1, #24
     8a4:	fe09      	tshftrs	r1, r1, #24
     8a6:	a0fc      	tmovs	r0, #252	; 0xfc
     8a8:	97ff 9c72 	tjl	190 <analog_write>
     8ac:	ec20      	tadds	r0, r4, #0
     8ae:	600c      	tadd	sp, #48	; 0x30
     8b0:	6c1c      	tpop	{r2, r3, r4}
     8b2:	0690      	tmov	r8, r2
     8b4:	0699      	tmov	r9, r3
     8b6:	06a2      	tmov	sl, r4
     8b8:	6df0      	tpop	{r4, r5, r6, r7, pc}
     8ba:	46c0      	tnop			; (mov r8, r8)
     8bc:	00800061 	taddeq	r0, r0, r1, rrx
     8c0:	00800740 	taddeq	r0, r0, r0, asr #14
     8c4:	00800b08 	taddeq	r0, r0, r8, lsl #22
     8c8:	00800b10 	taddeq	r0, r0, r0, lsl fp
     8cc:	00843e80 	taddeq	r3, r4, r0, lsl #29

000008d0 <get_battery_mv>:
get_battery_mv():
     8d0:	6500      	tpush	{lr}
     8d2:	9007 9f4f 	tjl	8774 <adc_init>
     8d6:	a0c0      	tmovs	r0, #192	; 0xc0
     8d8:	f040      	tshftls	r0, r0, #1
     8da:	9007 9fa9 	tjl	8830 <adc_vbat_init>
     8de:	a0fc      	tmovs	r0, #252	; 0xfc
     8e0:	97ff 9c36 	tjl	150 <analog_read>
     8e4:	a320      	tmovs	r3, #32
     8e6:	ec01      	tadds	r1, r0, #0
     8e8:	0399      	tbclrs	r1, r3
     8ea:	f609      	tshftls	r1, r1, #24
     8ec:	fe09      	tshftrs	r1, r1, #24
     8ee:	a0fc      	tmovs	r0, #252	; 0xfc
     8f0:	97ff 9c4e 	tjl	190 <analog_write>
     8f4:	9007 9ff4 	tjl	88e0 <adc_sample_and_get_result>
     8f8:	f400      	tshftls	r0, r0, #16
     8fa:	fc00      	tshftrs	r0, r0, #16
     8fc:	6d00      	tpop	{pc}
     8fe:	46c0      	tnop			; (mov r8, r8)

00000900 <get_battery_level>:
get_battery_level():
     900:	6500      	tpush	{lr}
     902:	f403      	tshftls	r3, r0, #16
     904:	fc1b      	tshftrs	r3, r3, #16
     906:	a000      	tmovs	r0, #0
     908:	0a0a      	tloadr	r2, [pc, #40]	; (934 <get_battery_level+0x34>)
     90a:	0293      	tcmp	r3, r2
     90c:	c800      	tjhi.n	910 <get_battery_level+0x10>
     90e:	6d00      	tpop	{pc}
     910:	0a09      	tloadr	r2, [pc, #36]	; (938 <get_battery_level+0x38>)
     912:	e898      	tadds	r0, r3, r2
     914:	a109      	tmovs	r1, #9
     916:	97ff 9d5d 	tjl	3d4 <__divsi3>
     91a:	f603      	tshftls	r3, r0, #24
     91c:	fe1b      	tshftrs	r3, r3, #24
     91e:	ec18      	tadds	r0, r3, #0
     920:	ab64      	tcmp	r3, #100	; 0x64
     922:	c802      	tjhi.n	92a <get_battery_level+0x2a>
     924:	f600      	tshftls	r0, r0, #24
     926:	fe00      	tshftrs	r0, r0, #24
     928:	87f1      	tj.n	90e <get_battery_level+0xe>
     92a:	a064      	tmovs	r0, #100	; 0x64
     92c:	f600      	tshftls	r0, r0, #24
     92e:	fe00      	tshftrs	r0, r0, #24
     930:	87ed      	tj.n	90e <get_battery_level+0xe>
     932:	46c0      	tnop			; (mov r8, r8)
     934:	00000897 	tmuleq	r0, r7, r8
     938:	fffff768 	undefined instruction 0xfffff768

0000093c <adc_temp_init>:
adc_temp_init():
     93c:	6500      	tpush	{lr}
     93e:	a0f2      	tmovs	r0, #242	; 0xf2
     940:	a124      	tmovs	r1, #36	; 0x24
     942:	97ff 9c25 	tjl	190 <analog_write>
     946:	a0ef      	tmovs	r0, #239	; 0xef
     948:	a1f0      	tmovs	r1, #240	; 0xf0
     94a:	97ff 9c21 	tjl	190 <analog_write>
     94e:	a0f0      	tmovs	r0, #240	; 0xf0
     950:	a100      	tmovs	r1, #0
     952:	97ff 9c1d 	tjl	190 <analog_write>
     956:	a0f1      	tmovs	r0, #241	; 0xf1
     958:	a10a      	tmovs	r1, #10
     95a:	97ff 9c19 	tjl	190 <analog_write>
     95e:	a0f9      	tmovs	r0, #249	; 0xf9
     960:	97ff 9bf6 	tjl	150 <analog_read>
     964:	a30c      	tmovs	r3, #12
     966:	ec01      	tadds	r1, r0, #0
     968:	0399      	tbclrs	r1, r3
     96a:	f609      	tshftls	r1, r1, #24
     96c:	fe09      	tshftrs	r1, r1, #24
     96e:	a0f9      	tmovs	r0, #249	; 0xf9
     970:	97ff 9c0e 	tjl	190 <analog_write>
     974:	a004      	tmovs	r0, #4
     976:	a101      	tmovs	r1, #1
     978:	9007 9e3a 	tjl	85f0 <adc_set_input_mode>
     97c:	a004      	tmovs	r0, #4
     97e:	a10d      	tmovs	r1, #13
     980:	a20d      	tmovs	r2, #13
     982:	9007 9e87 	tjl	8694 <adc_set_ain_channel_differential_mode>
     986:	a004      	tmovs	r0, #4
     988:	a102      	tmovs	r1, #2
     98a:	9007 9daf 	tjl	84ec <adc_set_ref_voltage>
     98e:	a004      	tmovs	r0, #4
     990:	a103      	tmovs	r1, #3
     992:	9007 9dcf 	tjl	8534 <adc_set_resolution>
     996:	a004      	tmovs	r0, #4
     998:	a101      	tmovs	r1, #1
     99a:	9007 9dff 	tjl	859c <adc_set_tsample_cycle>
     99e:	a000      	tmovs	r0, #0
     9a0:	9007 9ebe 	tjl	8720 <adc_set_ain_pre_scaler>
     9a4:	a0fc      	tmovs	r0, #252	; 0xfc
     9a6:	97ff 9bd3 	tjl	150 <analog_read>
     9aa:	a310      	tmovs	r3, #16
     9ac:	ec01      	tadds	r1, r0, #0
     9ae:	0399      	tbclrs	r1, r3
     9b0:	f609      	tshftls	r1, r1, #24
     9b2:	fe09      	tshftrs	r1, r1, #24
     9b4:	a0fc      	tmovs	r0, #252	; 0xfc
     9b6:	97ff 9beb 	tjl	190 <analog_write>
     9ba:	6d00      	tpop	{pc}

000009bc <get_temperature_c>:
get_temperature_c():
     9bc:	6510      	tpush	{r4, lr}
     9be:	a007      	tmovs	r0, #7
     9c0:	97ff 9bc6 	tjl	150 <analog_read>
     9c4:	a1ef      	tmovs	r1, #239	; 0xef
     9c6:	0001      	tands	r1, r0
     9c8:	a007      	tmovs	r0, #7
     9ca:	97ff 9be1 	tjl	190 <analog_write>
     9ce:	9007 9ed1 	tjl	8774 <adc_init>
     9d2:	97ff 9fb3 	tjl	93c <adc_temp_init>
     9d6:	a0fc      	tmovs	r0, #252	; 0xfc
     9d8:	97ff 9bba 	tjl	150 <analog_read>
     9dc:	a320      	tmovs	r3, #32
     9de:	ec01      	tadds	r1, r0, #0
     9e0:	0399      	tbclrs	r1, r3
     9e2:	f609      	tshftls	r1, r1, #24
     9e4:	fe09      	tshftrs	r1, r1, #24
     9e6:	a0fc      	tmovs	r0, #252	; 0xfc
     9e8:	97ff 9bd2 	tjl	190 <analog_write>
     9ec:	9007 9f78 	tjl	88e0 <adc_sample_and_get_result>
     9f0:	ec04      	tadds	r4, r0, #0
     9f2:	a007      	tmovs	r0, #7
     9f4:	97ff 9bac 	tjl	150 <analog_read>
     9f8:	a310      	tmovs	r3, #16
     9fa:	ec01      	tadds	r1, r0, #0
     9fc:	0319      	tors	r1, r3
     9fe:	f609      	tshftls	r1, r1, #24
     a00:	fe09      	tshftrs	r1, r1, #24
     a02:	a007      	tmovs	r0, #7
     a04:	97ff 9bc4 	tjl	190 <analog_write>
     a08:	f424      	tshftls	r4, r4, #16
     a0a:	fc20      	tshftrs	r0, r4, #16
     a0c:	6d10      	tpop	{r4, pc}
     a0e:	46c0      	tnop			; (mov r8, r8)

00000a10 <user_set_rf_power>:
user_set_rf_power():
     a10:	6500      	tpush	{lr}
     a12:	a0bf      	tmovs	r0, #191	; 0xbf
     a14:	9001 9d8c 	tjl	2530 <rf_set_power_level_index>
     a18:	6d00      	tpop	{pc}
     a1a:	46c0      	tnop			; (mov r8, r8)

00000a1c <ble_disconnect_callback>:
ble_disconnect_callback():
     a1c:	6500      	tpush	{lr}
     a1e:	0b05      	tloadr	r3, [pc, #20]	; (a34 <ble_disconnect_callback+0x18>)
     a20:	a200      	tmovs	r2, #0
     a22:	401a      	tstorerb	r2, [r3, #0]
     a24:	405a      	tstorerb	r2, [r3, #1]
     a26:	a000      	tmovs	r0, #0
     a28:	9001 98ea 	tjl	1c00 <set_led_mask>
     a2c:	0802      	tloadr	r0, [pc, #8]	; (a38 <ble_disconnect_callback+0x1c>)
     a2e:	9007 9c5d 	tjl	82ec <u_printf>
     a32:	6d00      	tpop	{pc}
     a34:	00843e9c 	umulleq	r3, r4, ip, lr
     a38:	000128d0 	undefined instruction 0x000128d0

00000a3c <app_switch_to_indirect_adv>:
app_switch_to_indirect_adv():
     a3c:	6500      	tpush	{lr}
     a3e:	6084      	tsub	sp, #16
     a40:	a0c8      	tmovs	r0, #200	; 0xc8
     a42:	f0c0      	tshftls	r0, r0, #3
     a44:	a300      	tmovs	r3, #0
     a46:	3300      	tstorer	r3, [sp, #0]
     a48:	3301      	tstorer	r3, [sp, #4]
     a4a:	a207      	tmovs	r2, #7
     a4c:	3202      	tstorer	r2, [sp, #8]
     a4e:	3303      	tstorer	r3, [sp, #12]
     a50:	0904      	tloadr	r1, [pc, #16]	; (a64 <app_switch_to_indirect_adv+0x28>)
     a52:	a200      	tmovs	r2, #0
     a54:	900e 9bee 	tjl	f234 <bls_ll_setAdvParam>
     a58:	a001      	tmovs	r0, #1
     a5a:	900e 9af9 	tjl	f050 <bls_ll_setAdvEnable>
     a5e:	6004      	tadd	sp, #16
     a60:	6d00      	tpop	{pc}
     a62:	46c0      	tnop			; (mov r8, r8)
     a64:	00000672 	tandeq	r0, r0, r2, ror r6

00000a68 <ble_set_connection_speed>:
ble_set_connection_speed():
     a68:	6500      	tpush	{lr}
     a6a:	f401      	tshftls	r1, r0, #16
     a6c:	fc08      	tshftrs	r0, r1, #16
     a6e:	a380      	tmovs	r3, #128	; 0x80
     a70:	f29b      	tshftls	r3, r3, #10
     a72:	e8c9      	tadds	r1, r1, r3
     a74:	fc09      	tshftrs	r1, r1, #16
     a76:	a3fa      	tmovs	r3, #250	; 0xfa
     a78:	f0db      	tshftls	r3, r3, #3
     a7a:	a200      	tmovs	r2, #0
     a7c:	900e 98ba 	tjl	ebf4 <bls_l2cap_requestConnParamUpdate>
     a80:	6d00      	tpop	{pc}
     a82:	46c0      	tnop			; (mov r8, r8)

00000a84 <ble_connect_callback>:
ble_connect_callback():
     a84:	6500      	tpush	{lr}
     a86:	0b06      	tloadr	r3, [pc, #24]	; (aa0 <ble_connect_callback+0x1c>)
     a88:	a201      	tmovs	r2, #1
     a8a:	401a      	tstorerb	r2, [r3, #0]
     a8c:	a200      	tmovs	r2, #0
     a8e:	405a      	tstorerb	r2, [r3, #1]
     a90:	a0c8      	tmovs	r0, #200	; 0xc8
     a92:	97ff 9fe9 	tjl	a68 <ble_set_connection_speed>
     a96:	0803      	tloadr	r0, [pc, #12]	; (aa4 <ble_connect_callback+0x20>)
     a98:	9007 9c28 	tjl	82ec <u_printf>
     a9c:	6d00      	tpop	{pc}
     a9e:	46c0      	tnop			; (mov r8, r8)
     aa0:	00843e9c 	umulleq	r3, r4, ip, lr
     aa4:	000128e4 	tandeq	r2, r1, r4, ror #17

00000aa8 <otaWritePre>:
otaWritePre():
     aa8:	6510      	tpush	{r4, lr}
     aaa:	ec04      	tadds	r4, r0, #0
     aac:	0b06      	tloadr	r3, [pc, #24]	; (ac8 <otaWritePre+0x20>)
     aae:	485a      	tloadrb	r2, [r3, #1]
     ab0:	aa00      	tcmp	r2, #0
     ab2:	c104      	tjne.n	abe <otaWritePre+0x16>
     ab4:	a201      	tmovs	r2, #1
     ab6:	405a      	tstorerb	r2, [r3, #1]
     ab8:	a006      	tmovs	r0, #6
     aba:	97ff 9fd5 	tjl	a68 <ble_set_connection_speed>
     abe:	ec20      	tadds	r0, r4, #0
     ac0:	9000 9f16 	tjl	18f0 <custom_otaWrite>
     ac4:	6d10      	tpop	{r4, pc}
     ac6:	46c0      	tnop			; (mov r8, r8)
     ac8:	00843e9c 	umulleq	r3, r4, ip, lr

00000acc <RxTxWrite>:
RxTxWrite():
     acc:	6500      	tpush	{lr}
     ace:	9009 984f 	tjl	9b70 <cmd_parser>
     ad2:	a000      	tmovs	r0, #0
     ad4:	6d00      	tpop	{pc}
     ad6:	46c0      	tnop			; (mov r8, r8)

00000ad8 <blt_pm_proc>:
blt_pm_proc():
     ad8:	6500      	tpush	{lr}
     ada:	9001 98d1 	tjl	1c80 <get_led_mask>
     ade:	a800      	tcmp	r0, #0
     ae0:	c103      	tjne.n	aea <blt_pm_proc+0x12>
     ae2:	a00f      	tmovs	r0, #15
     ae4:	900e 9ebc 	tjl	f860 <bls_pm_setSuspendMask>
     ae8:	6d00      	tpop	{pc}
     aea:	a000      	tmovs	r0, #0
     aec:	900e 9eb8 	tjl	f860 <bls_pm_setSuspendMask>
     af0:	87fa      	tj.n	ae8 <blt_pm_proc+0x10>
     af2:	46c0      	tnop			; (mov r8, r8)

00000af4 <ble_get_connected>:
ble_get_connected():
     af4:	0b02      	tloadr	r3, [pc, #8]	; (b00 <ble_get_connected+0xc>)
     af6:	4818      	tloadrb	r0, [r3, #0]
     af8:	ee43      	tsubs	r3, r0, #1
     afa:	0198      	tsubcs	r0, r3
     afc:	0770      	tjex	lr
     afe:	46c0      	tnop			; (mov r8, r8)
     b00:	00843e9c 	umulleq	r3, r4, ip, lr

00000b04 <ble_get_ota_started>:
ble_get_ota_started():
     b04:	0b02      	tloadr	r3, [pc, #8]	; (b10 <ble_get_ota_started+0xc>)
     b06:	4858      	tloadrb	r0, [r3, #1]
     b08:	ee43      	tsubs	r3, r0, #1
     b0a:	0198      	tsubcs	r0, r3
     b0c:	0770      	tjex	lr
     b0e:	46c0      	tnop			; (mov r8, r8)
     b10:	00843e9c 	umulleq	r3, r4, ip, lr

00000b14 <set_adv_data>:
set_adv_data():
     b14:	6570      	tpush	{r4, r5, r6, lr}
     b16:	f400      	tshftls	r0, r0, #16
     b18:	e405      	tasrs	r5, r0, #16
     b1a:	f412      	tshftls	r2, r2, #16
     b1c:	fc14      	tshftrs	r4, r2, #16
     b1e:	0b0b      	tloadr	r3, [pc, #44]	; (b4c <set_adv_data+0x38>)
     b20:	e600      	tasrs	r0, r0, #24
     b22:	a632      	tmovs	r6, #50	; 0x32
     b24:	1598      	tstorerb	r0, [r3, r6]
     b26:	a033      	tmovs	r0, #51	; 0x33
     b28:	141d      	tstorerb	r5, [r3, r0]
     b2a:	a035      	tmovs	r0, #53	; 0x35
     b2c:	1419      	tstorerb	r1, [r3, r0]
     b2e:	fe12      	tshftrs	r2, r2, #24
     b30:	a136      	tmovs	r1, #54	; 0x36
     b32:	145a      	tstorerb	r2, [r3, r1]
     b34:	a237      	tmovs	r2, #55	; 0x37
     b36:	149c      	tstorerb	r4, [r3, r2]
     b38:	a238      	tmovs	r2, #56	; 0x38
     b3a:	1c99      	tloadrb	r1, [r3, r2]
     b3c:	b101      	tadds	r1, #1
     b3e:	1499      	tstorerb	r1, [r3, r2]
     b40:	ec18      	tadds	r0, r3, #0
     b42:	b028      	tadds	r0, #40	; 0x28
     b44:	a111      	tmovs	r1, #17
     b46:	900e 9b0b 	tjl	f160 <bls_ll_setAdvData>
     b4a:	6d70      	tpop	{r4, r5, r6, pc}
     b4c:	00843e9c 	umulleq	r3, r4, ip, lr

00000b50 <set_air_tag_adv_data>:
set_air_tag_adv_data():
     b50:	6530      	tpush	{r4, r5, lr}
     b52:	0c0b      	tloadr	r4, [pc, #44]	; (b80 <set_air_tag_adv_data+0x30>)
     b54:	48a3      	tloadrb	r3, [r4, #2]
     b56:	ab00      	tcmp	r3, #0
     b58:	c010      	tjeq.n	b7c <set_air_tag_adv_data+0x2c>
     b5a:	ec25      	tadds	r5, r4, #0
     b5c:	b54c      	tadds	r5, #76	; 0x4c
     b5e:	ec20      	tadds	r0, r4, #0
     b60:	b053      	tadds	r0, #83	; 0x53
     b62:	ec21      	tadds	r1, r4, #0
     b64:	b112      	tadds	r1, #18
     b66:	a216      	tmovs	r2, #22
     b68:	9007 9c1c 	tjl	83a4 <memcpy>
     b6c:	4b22      	tloadrb	r2, [r4, #12]
     b6e:	f992      	tshftrs	r2, r2, #6
     b70:	a369      	tmovs	r3, #105	; 0x69
     b72:	14e2      	tstorerb	r2, [r4, r3]
     b74:	ec28      	tadds	r0, r5, #0
     b76:	a11f      	tmovs	r1, #31
     b78:	900e 9af2 	tjl	f160 <bls_ll_setAdvData>
     b7c:	6d30      	tpop	{r4, r5, pc}
     b7e:	46c0      	tnop			; (mov r8, r8)
     b80:	00843e9c 	umulleq	r3, r4, ip, lr

00000b84 <ble_send_temp>:
ble_send_temp():
     b84:	6500      	tpush	{lr}
     b86:	0904      	tloadr	r1, [pc, #16]	; (b98 <ble_send_temp+0x14>)
     b88:	4008      	tstorerb	r0, [r1, #0]
     b8a:	fa00      	tshftrs	r0, r0, #8
     b8c:	4048      	tstorerb	r0, [r1, #1]
     b8e:	a012      	tmovs	r0, #18
     b90:	a202      	tmovs	r2, #2
     b92:	900d 9e0b 	tjl	e7ac <bls_att_pushNotifyData>
     b96:	6d00      	tpop	{pc}
     b98:	00843e98 	umulleq	r3, r4, r8, lr

00000b9c <ble_send_battery>:
ble_send_battery():
     b9c:	6500      	tpush	{lr}
     b9e:	0903      	tloadr	r1, [pc, #12]	; (bac <ble_send_battery+0x10>)
     ba0:	4008      	tstorerb	r0, [r1, #0]
     ba2:	a00e      	tmovs	r0, #14
     ba4:	a201      	tmovs	r2, #1
     ba6:	900d 9e01 	tjl	e7ac <bls_att_pushNotifyData>
     baa:	6d00      	tpop	{pc}
     bac:	00843e94 	umulleq	r3, r4, r4, lr

00000bb0 <init_time>:
init_time():
     bb0:	0b0b      	tloadr	r3, [pc, #44]	; (be0 <init_time+0x30>)
     bb2:	2899      	tloadrh	r1, [r3, #4]
     bb4:	581a      	tloadr	r2, [r3, #0]
     bb6:	e88a      	tadds	r2, r1, r2
     bb8:	501a      	tstorer	r2, [r3, #0]
     bba:	0a0a      	tloadr	r2, [pc, #40]	; (be4 <init_time+0x34>)
     bbc:	509a      	tstorer	r2, [r3, #8]
     bbe:	a2fd      	tmovs	r2, #253	; 0xfd
     bc0:	f0d2      	tshftls	r2, r2, #3
     bc2:	521a      	tstorer	r2, [r3, #32]
     bc4:	a203      	tmovs	r2, #3
     bc6:	51da      	tstorer	r2, [r3, #28]
     bc8:	a205      	tmovs	r2, #5
     bca:	525a      	tstorer	r2, [r3, #36]	; 0x24
     bcc:	a208      	tmovs	r2, #8
     bce:	519a      	tstorer	r2, [r3, #24]
     bd0:	a20e      	tmovs	r2, #14
     bd2:	511a      	tstorer	r2, [r3, #16]
     bd4:	a200      	tmovs	r2, #0
     bd6:	515a      	tstorer	r2, [r3, #20]
     bd8:	a211      	tmovs	r2, #17
     bda:	50da      	tstorer	r2, [r3, #12]
     bdc:	0770      	tjex	lr
     bde:	46c0      	tnop			; (mov r8, r8)
     be0:	008443b4 	undefined instruction 0x008443b4
     be4:	65ea5859 	tstorerbvs	r5, [sl, #2137]!	; 0x859

00000be8 <handler_time>:
handler_time():
     be8:	6530      	tpush	{r4, r5, lr}
     bea:	0b21      	tloadr	r3, [pc, #132]	; (c70 <handler_time+0x88>)
     bec:	5819      	tloadr	r1, [r3, #0]
     bee:	0c21      	tloadr	r4, [pc, #132]	; (c74 <handler_time+0x8c>)
     bf0:	5aa3      	tloadr	r3, [r4, #40]	; 0x28
     bf2:	5822      	tloadr	r2, [r4, #0]
     bf4:	eac9      	tsubs	r1, r1, r3
     bf6:	0291      	tcmp	r1, r2
     bf8:	c334      	tjcc.n	c64 <handler_time+0x7c>
     bfa:	e8d3      	tadds	r3, r2, r3
     bfc:	52a3      	tstorer	r3, [r4, #40]	; 0x28
     bfe:	58a5      	tloadr	r5, [r4, #8]
     c00:	b501      	tadds	r5, #1
     c02:	50a5      	tstorer	r5, [r4, #8]
     c04:	ec28      	tadds	r0, r5, #0
     c06:	a13c      	tmovs	r1, #60	; 0x3c
     c08:	97ff 9be8 	tjl	3dc <__udivsi3>
     c0c:	a13c      	tmovs	r1, #60	; 0x3c
     c0e:	97ff 9be3 	tjl	3d8 <__umodsi3>
     c12:	5120      	tstorer	r0, [r4, #16]
     c14:	ec28      	tadds	r0, r5, #0
     c16:	a1e1      	tmovs	r1, #225	; 0xe1
     c18:	f109      	tshftls	r1, r1, #4
     c1a:	97ff 9bdf 	tjl	3dc <__udivsi3>
     c1e:	a118      	tmovs	r1, #24
     c20:	97ff 9bda 	tjl	3d8 <__umodsi3>
     c24:	5160      	tstorer	r0, [r4, #20]
     c26:	ec28      	tadds	r0, r5, #0
     c28:	a13c      	tmovs	r1, #60	; 0x3c
     c2a:	97ff 9bd5 	tjl	3d8 <__umodsi3>
     c2e:	50e0      	tstorer	r0, [r4, #12]
     c30:	ec28      	tadds	r0, r5, #0
     c32:	0911      	tloadr	r1, [pc, #68]	; (c78 <handler_time+0x90>)
     c34:	97ff 9bd0 	tjl	3d8 <__umodsi3>
     c38:	a800      	tcmp	r0, #0
     c3a:	c113      	tjne.n	c64 <handler_time+0x7c>
     c3c:	59e0      	tloadr	r0, [r4, #28]
     c3e:	a10c      	tmovs	r1, #12
     c40:	97ff 9bc6 	tjl	3d0 <__modsi3>
     c44:	51e0      	tstorer	r0, [r4, #28]
     c46:	59a3      	tloadr	r3, [r4, #24]
     c48:	0a0c      	tloadr	r2, [pc, #48]	; (c7c <handler_time+0x94>)
     c4a:	e812      	tadds	r2, r2, r0
     c4c:	ba01      	tsubs	r2, #1
     c4e:	4812      	tloadrb	r2, [r2, #0]
     c50:	0293      	tcmp	r3, r2
     c52:	ca08      	tjge.n	c66 <handler_time+0x7e>
     c54:	b301      	tadds	r3, #1
     c56:	51a3      	tstorer	r3, [r4, #24]
     c58:	5a60      	tloadr	r0, [r4, #36]	; 0x24
     c5a:	b001      	tadds	r0, #1
     c5c:	a107      	tmovs	r1, #7
     c5e:	97ff 9bb7 	tjl	3d0 <__modsi3>
     c62:	5260      	tstorer	r0, [r4, #36]	; 0x24
     c64:	6d30      	tpop	{r4, r5, pc}
     c66:	a301      	tmovs	r3, #1
     c68:	51a3      	tstorer	r3, [r4, #24]
     c6a:	b001      	tadds	r0, #1
     c6c:	51e0      	tstorer	r0, [r4, #28]
     c6e:	87f3      	tj.n	c58 <handler_time+0x70>
     c70:	00800740 	taddeq	r0, r0, r0, asr #14
     c74:	008443b4 	undefined instruction 0x008443b4
     c78:	00015180 	tandeq	r5, r1, r0, lsl #3
     c7c:	00848914 	taddeq	r8, r4, r4, lsl r9

00000c80 <time_reached_period>:
time_reached_period():
     c80:	6510      	tpush	{r4, lr}
     c82:	f600      	tshftls	r0, r0, #24
     c84:	fe00      	tshftrs	r0, r0, #24
     c86:	0b0a      	tloadr	r3, [pc, #40]	; (cb0 <time_reached_period+0x30>)
     c88:	e81a      	tadds	r2, r3, r0
     c8a:	b22c      	tadds	r2, #44	; 0x2c
     c8c:	4814      	tloadrb	r4, [r2, #0]
     c8e:	ac00      	tcmp	r4, #0
     c90:	c00a      	tjeq.n	ca8 <time_reached_period+0x28>
     c92:	589a      	tloadr	r2, [r3, #8]
     c94:	f080      	tshftls	r0, r0, #2
     c96:	e81b      	tadds	r3, r3, r0
     c98:	5b9c      	tloadr	r4, [r3, #56]	; 0x38
     c9a:	eb14      	tsubs	r4, r2, r4
     c9c:	a000      	tmovs	r0, #0
     c9e:	028c      	tcmp	r4, r1
     ca0:	c301      	tjcc.n	ca6 <time_reached_period+0x26>
     ca2:	539a      	tstorer	r2, [r3, #56]	; 0x38
     ca4:	a001      	tmovs	r0, #1
     ca6:	6d10      	tpop	{r4, pc}
     ca8:	a301      	tmovs	r3, #1
     caa:	4013      	tstorerb	r3, [r2, #0]
     cac:	a001      	tmovs	r0, #1
     cae:	87fa      	tj.n	ca6 <time_reached_period+0x26>
     cb0:	008443b4 	undefined instruction 0x008443b4

00000cb4 <set_time>:
set_time():
     cb4:	6530      	tpush	{r4, r5, lr}
     cb6:	f409      	tshftls	r1, r1, #16
     cb8:	fc09      	tshftrs	r1, r1, #16
     cba:	f612      	tshftls	r2, r2, #24
     cbc:	fe12      	tshftrs	r2, r2, #24
     cbe:	f61b      	tshftls	r3, r3, #24
     cc0:	fe1b      	tshftrs	r3, r3, #24
     cc2:	3d03      	tloadr	r5, [sp, #12]
     cc4:	f62d      	tshftls	r5, r5, #24
     cc6:	fe2d      	tshftrs	r5, r5, #24
     cc8:	0c03      	tloadr	r4, [pc, #12]	; (cd8 <set_time+0x24>)
     cca:	50a0      	tstorer	r0, [r4, #8]
     ccc:	5221      	tstorer	r1, [r4, #32]
     cce:	51e2      	tstorer	r2, [r4, #28]
     cd0:	51a3      	tstorer	r3, [r4, #24]
     cd2:	5265      	tstorer	r5, [r4, #36]	; 0x24
     cd4:	6d30      	tpop	{r4, r5, pc}
     cd6:	46c0      	tnop			; (mov r8, r8)
     cd8:	008443b4 	undefined instruction 0x008443b4

00000cdc <get_time>:
get_time():
     cdc:	6510      	tpush	{r4, lr}
     cde:	ec04      	tadds	r4, r0, #0
     ce0:	0903      	tloadr	r1, [pc, #12]	; (cf0 <get_time+0x14>)
     ce2:	b10c      	tadds	r1, #12
     ce4:	a21c      	tmovs	r2, #28
     ce6:	9007 9b5d 	tjl	83a4 <memcpy>
     cea:	ec20      	tadds	r0, r4, #0
     cec:	6d10      	tpop	{r4, pc}
     cee:	46c0      	tnop			; (mov r8, r8)
     cf0:	008443b4 	undefined instruction 0x008443b4

00000cf4 <EPD_init>:
EPD_init():
     cf4:	6570      	tpush	{r4, r5, r6, lr}
     cf6:	a4c4      	tmovs	r4, #196	; 0xc4
     cf8:	f0a4      	tshftls	r4, r4, #2
     cfa:	ec20      	tadds	r0, r4, #0
     cfc:	a100      	tmovs	r1, #0
     cfe:	9008 9bf1 	tjl	94e4 <gpio_set_func>
     d02:	0d33      	tloadr	r5, [pc, #204]	; (dd0 <EPD_init+0xdc>)
     d04:	482b      	tloadrb	r3, [r5, #0]
     d06:	a610      	tmovs	r6, #16
     d08:	03b3      	tbclrs	r3, r6
     d0a:	402b      	tstorerb	r3, [r5, #0]
     d0c:	ec20      	tadds	r0, r4, #0
     d0e:	a101      	tmovs	r1, #1
     d10:	9008 9c06 	tjl	9520 <gpio_setup_up_down_resistor>
     d14:	a4e0      	tmovs	r4, #224	; 0xe0
     d16:	f0a4      	tshftls	r4, r4, #2
     d18:	ec20      	tadds	r0, r4, #0
     d1a:	a100      	tmovs	r1, #0
     d1c:	9008 9be2 	tjl	94e4 <gpio_set_func>
     d20:	482b      	tloadrb	r3, [r5, #0]
     d22:	a27f      	tmovs	r2, #127	; 0x7f
     d24:	0013      	tands	r3, r2
     d26:	402b      	tstorerb	r3, [r5, #0]
     d28:	ec20      	tadds	r0, r4, #0
     d2a:	a101      	tmovs	r1, #1
     d2c:	9008 9bf8 	tjl	9520 <gpio_setup_up_down_resistor>
     d30:	a002      	tmovs	r0, #2
     d32:	a100      	tmovs	r1, #0
     d34:	9008 9bd6 	tjl	94e4 <gpio_set_func>
     d38:	0b26      	tloadr	r3, [pc, #152]	; (dd4 <EPD_init+0xe0>)
     d3a:	4819      	tloadrb	r1, [r3, #0]
     d3c:	a202      	tmovs	r2, #2
     d3e:	030a      	tors	r2, r1
     d40:	f612      	tshftls	r2, r2, #24
     d42:	fe12      	tshftrs	r2, r2, #24
     d44:	401a      	tstorerb	r2, [r3, #0]
     d46:	a002      	tmovs	r0, #2
     d48:	a101      	tmovs	r1, #1
     d4a:	9007 9f9d 	tjl	8c88 <gpio_set_input_en>
     d4e:	a002      	tmovs	r0, #2
     d50:	a101      	tmovs	r1, #1
     d52:	9008 9be5 	tjl	9520 <gpio_setup_up_down_resistor>
     d56:	a588      	tmovs	r5, #136	; 0x88
     d58:	f06d      	tshftls	r5, r5, #1
     d5a:	ec28      	tadds	r0, r5, #0
     d5c:	a100      	tmovs	r1, #0
     d5e:	9008 9bc1 	tjl	94e4 <gpio_set_func>
     d62:	0c1d      	tloadr	r4, [pc, #116]	; (dd8 <EPD_init+0xe4>)
     d64:	4823      	tloadrb	r3, [r4, #0]
     d66:	03b3      	tbclrs	r3, r6
     d68:	4023      	tstorerb	r3, [r4, #0]
     d6a:	ec28      	tadds	r0, r5, #0
     d6c:	a101      	tmovs	r1, #1
     d6e:	9008 9bd7 	tjl	9520 <gpio_setup_up_down_resistor>
     d72:	a590      	tmovs	r5, #144	; 0x90
     d74:	f06d      	tshftls	r5, r5, #1
     d76:	ec28      	tadds	r0, r5, #0
     d78:	a100      	tmovs	r1, #0
     d7a:	9008 9bb3 	tjl	94e4 <gpio_set_func>
     d7e:	4823      	tloadrb	r3, [r4, #0]
     d80:	a220      	tmovs	r2, #32
     d82:	0393      	tbclrs	r3, r2
     d84:	4023      	tstorerb	r3, [r4, #0]
     d86:	ec28      	tadds	r0, r5, #0
     d88:	a101      	tmovs	r1, #1
     d8a:	9008 9bc9 	tjl	9520 <gpio_setup_up_down_resistor>
     d8e:	a5a0      	tmovs	r5, #160	; 0xa0
     d90:	f06d      	tshftls	r5, r5, #1
     d92:	ec28      	tadds	r0, r5, #0
     d94:	a100      	tmovs	r1, #0
     d96:	9008 9ba5 	tjl	94e4 <gpio_set_func>
     d9a:	4823      	tloadrb	r3, [r4, #0]
     d9c:	a240      	tmovs	r2, #64	; 0x40
     d9e:	0393      	tbclrs	r3, r2
     da0:	4023      	tstorerb	r3, [r4, #0]
     da2:	ec28      	tadds	r0, r5, #0
     da4:	a101      	tmovs	r1, #1
     da6:	9008 9bbb 	tjl	9520 <gpio_setup_up_down_resistor>
     daa:	0b0c      	tloadr	r3, [pc, #48]	; (ddc <EPD_init+0xe8>)
     dac:	4819      	tloadrb	r1, [r3, #0]
     dae:	a220      	tmovs	r2, #32
     db0:	030a      	tors	r2, r1
     db2:	f612      	tshftls	r2, r2, #24
     db4:	fe12      	tshftrs	r2, r2, #24
     db6:	401a      	tstorerb	r2, [r3, #0]
     db8:	a488      	tmovs	r4, #136	; 0x88
     dba:	f0a4      	tshftls	r4, r4, #2
     dbc:	ec20      	tadds	r0, r4, #0
     dbe:	a101      	tmovs	r1, #1
     dc0:	9007 9f62 	tjl	8c88 <gpio_set_input_en>
     dc4:	ec20      	tadds	r0, r4, #0
     dc6:	a101      	tmovs	r1, #1
     dc8:	9008 9baa 	tjl	9520 <gpio_setup_up_down_resistor>
     dcc:	6d70      	tpop	{r4, r5, r6, pc}
     dce:	46c0      	tnop			; (mov r8, r8)
     dd0:	0080059a 	umulleq	r0, r0, sl, r5
     dd4:	00800582 	taddeq	r0, r0, r2, lsl #11
     dd8:	0080058a 	taddeq	r0, r0, sl, lsl #11
     ddc:	00800592 	umulleq	r0, r0, r2, r5

00000de0 <EPD_SPI_Write>:
EPD_SPI_Write():
     de0:	65f0      	tpush	{r4, r5, r6, r7, lr}
     de2:	f604      	tshftls	r4, r0, #24
     de4:	fe24      	tshftrs	r4, r4, #24
     de6:	a00a      	tmovs	r0, #10
     de8:	97ff 9ae8 	tjl	3bc <sleep_us>
     dec:	a208      	tmovs	r2, #8
     dee:	0b12      	tloadr	r3, [pc, #72]	; (e38 <EPD_SPI_Write+0x58>)
     df0:	a520      	tmovs	r5, #32
     df2:	a640      	tmovs	r6, #64	; 0x40
     df4:	a140      	tmovs	r1, #64	; 0x40
     df6:	068c      	tmov	ip, r1
     df8:	a020      	tmovs	r0, #32
     dfa:	800e      	tj.n	e1a <EPD_SPI_Write+0x3a>
     dfc:	4819      	tloadrb	r1, [r3, #0]
     dfe:	03b1      	tbclrs	r1, r6
     e00:	4019      	tstorerb	r1, [r3, #0]
     e02:	4819      	tloadrb	r1, [r3, #0]
     e04:	0301      	tors	r1, r0
     e06:	f609      	tshftls	r1, r1, #24
     e08:	fe09      	tshftrs	r1, r1, #24
     e0a:	4019      	tstorerb	r1, [r3, #0]
     e0c:	ba01      	tsubs	r2, #1
     e0e:	f612      	tshftls	r2, r2, #24
     e10:	fe12      	tshftrs	r2, r2, #24
     e12:	aa00      	tcmp	r2, #0
     e14:	c00e      	tjeq.n	e34 <EPD_SPI_Write+0x54>
     e16:	f664      	tshftls	r4, r4, #25
     e18:	fe24      	tshftrs	r4, r4, #24
     e1a:	4819      	tloadrb	r1, [r3, #0]
     e1c:	03a9      	tbclrs	r1, r5
     e1e:	4019      	tstorerb	r1, [r3, #0]
     e20:	f621      	tshftls	r1, r4, #24
     e22:	a900      	tcmp	r1, #0
     e24:	caea      	tjge.n	dfc <EPD_SPI_Write+0x1c>
     e26:	4819      	tloadrb	r1, [r3, #0]
     e28:	0667      	tmov	r7, ip
     e2a:	0339      	tors	r1, r7
     e2c:	f609      	tshftls	r1, r1, #24
     e2e:	fe09      	tshftrs	r1, r1, #24
     e30:	4019      	tstorerb	r1, [r3, #0]
     e32:	87e6      	tj.n	e02 <EPD_SPI_Write+0x22>
     e34:	6df0      	tpop	{r4, r5, r6, r7, pc}
     e36:	46c0      	tnop			; (mov r8, r8)
     e38:	0080058b 	taddeq	r0, r0, fp, lsl #11

00000e3c <EPD_SPI_read>:
EPD_SPI_read():
     e3c:	65f0      	tpush	{r4, r5, r6, r7, lr}
     e3e:	a0a0      	tmovs	r0, #160	; 0xa0
     e40:	f040      	tshftls	r0, r0, #1
     e42:	9008 9ba3 	tjl	958c <gpio_shutdown>
     e46:	0b26      	tloadr	r3, [pc, #152]	; (ee0 <EPD_SPI_read+0xa4>)
     e48:	4819      	tloadrb	r1, [r3, #0]
     e4a:	a240      	tmovs	r2, #64	; 0x40
     e4c:	030a      	tors	r2, r1
     e4e:	f612      	tshftls	r2, r2, #24
     e50:	fe12      	tshftrs	r2, r2, #24
     e52:	401a      	tstorerb	r2, [r3, #0]
     e54:	a0a0      	tmovs	r0, #160	; 0xa0
     e56:	f040      	tshftls	r0, r0, #1
     e58:	a101      	tmovs	r1, #1
     e5a:	9007 9f15 	tjl	8c88 <gpio_set_input_en>
     e5e:	0d21      	tloadr	r5, [pc, #132]	; (ee4 <EPD_SPI_read+0xa8>)
     e60:	482b      	tloadrb	r3, [r5, #0]
     e62:	a210      	tmovs	r2, #16
     e64:	0393      	tbclrs	r3, r2
     e66:	402b      	tstorerb	r3, [r5, #0]
     e68:	0a1f      	tloadr	r2, [pc, #124]	; (ee8 <EPD_SPI_read+0xac>)
     e6a:	4811      	tloadrb	r1, [r2, #0]
     e6c:	a380      	tmovs	r3, #128	; 0x80
     e6e:	025b      	tnegs	r3, r3
     e70:	030b      	tors	r3, r1
     e72:	f61b      	tshftls	r3, r3, #24
     e74:	fe1b      	tshftrs	r3, r3, #24
     e76:	4013      	tstorerb	r3, [r2, #0]
     e78:	a00a      	tmovs	r0, #10
     e7a:	97ff 9a9f 	tjl	3bc <sleep_us>
     e7e:	a308      	tmovs	r3, #8
     e80:	a400      	tmovs	r4, #0
     e82:	a720      	tmovs	r7, #32
     e84:	a620      	tmovs	r6, #32
     e86:	0819      	tloadr	r0, [pc, #100]	; (eec <EPD_SPI_read+0xb0>)
     e88:	a140      	tmovs	r1, #64	; 0x40
     e8a:	a201      	tmovs	r2, #1
     e8c:	0694      	tmov	ip, r2
     e8e:	482a      	tloadrb	r2, [r5, #0]
     e90:	03ba      	tbclrs	r2, r7
     e92:	402a      	tstorerb	r2, [r5, #0]
     e94:	482a      	tloadrb	r2, [r5, #0]
     e96:	0332      	tors	r2, r6
     e98:	f612      	tshftls	r2, r2, #24
     e9a:	fe12      	tshftrs	r2, r2, #24
     e9c:	402a      	tstorerb	r2, [r5, #0]
     e9e:	f664      	tshftls	r4, r4, #25
     ea0:	fe24      	tshftrs	r4, r4, #24
     ea2:	4802      	tloadrb	r2, [r0, #0]
     ea4:	0211      	tnand	r1, r2
     ea6:	c003      	tjeq.n	eb0 <EPD_SPI_read+0x74>
     ea8:	0662      	tmov	r2, ip
     eaa:	0314      	tors	r4, r2
     eac:	f624      	tshftls	r4, r4, #24
     eae:	fe24      	tshftrs	r4, r4, #24
     eb0:	bb01      	tsubs	r3, #1
     eb2:	f61b      	tshftls	r3, r3, #24
     eb4:	fe1b      	tshftrs	r3, r3, #24
     eb6:	ab00      	tcmp	r3, #0
     eb8:	c1e9      	tjne.n	e8e <EPD_SPI_read+0x52>
     eba:	0b09      	tloadr	r3, [pc, #36]	; (ee0 <EPD_SPI_read+0xa4>)
     ebc:	481a      	tloadrb	r2, [r3, #0]
     ebe:	a140      	tmovs	r1, #64	; 0x40
     ec0:	038a      	tbclrs	r2, r1
     ec2:	401a      	tstorerb	r2, [r3, #0]
     ec4:	a0a0      	tmovs	r0, #160	; 0xa0
     ec6:	f040      	tshftls	r0, r0, #1
     ec8:	a100      	tmovs	r1, #0
     eca:	9007 9edd 	tjl	8c88 <gpio_set_input_en>
     ece:	0b05      	tloadr	r3, [pc, #20]	; (ee4 <EPD_SPI_read+0xa8>)
     ed0:	4819      	tloadrb	r1, [r3, #0]
     ed2:	a210      	tmovs	r2, #16
     ed4:	030a      	tors	r2, r1
     ed6:	f612      	tshftls	r2, r2, #24
     ed8:	fe12      	tshftrs	r2, r2, #24
     eda:	401a      	tstorerb	r2, [r3, #0]
     edc:	ec20      	tadds	r0, r4, #0
     ede:	6df0      	tpop	{r4, r5, r6, r7, pc}
     ee0:	0080058a 	taddeq	r0, r0, sl, lsl #11
     ee4:	0080058b 	taddeq	r0, r0, fp, lsl #11
     ee8:	0080059b 	umulleq	r0, r0, fp, r5
     eec:	00800588 	taddeq	r0, r0, r8, lsl #11

00000ef0 <EPD_WriteCmd>:
EPD_WriteCmd():
     ef0:	6510      	tpush	{r4, lr}
     ef2:	f600      	tshftls	r0, r0, #24
     ef4:	fe00      	tshftrs	r0, r0, #24
     ef6:	0c09      	tloadr	r4, [pc, #36]	; (f1c <EPD_WriteCmd+0x2c>)
     ef8:	4823      	tloadrb	r3, [r4, #0]
     efa:	a210      	tmovs	r2, #16
     efc:	0393      	tbclrs	r3, r2
     efe:	4023      	tstorerb	r3, [r4, #0]
     f00:	0b07      	tloadr	r3, [pc, #28]	; (f20 <EPD_WriteCmd+0x30>)
     f02:	481a      	tloadrb	r2, [r3, #0]
     f04:	a17f      	tmovs	r1, #127	; 0x7f
     f06:	000a      	tands	r2, r1
     f08:	401a      	tstorerb	r2, [r3, #0]
     f0a:	97ff 9f69 	tjl	de0 <EPD_SPI_Write>
     f0e:	4822      	tloadrb	r2, [r4, #0]
     f10:	a310      	tmovs	r3, #16
     f12:	0313      	tors	r3, r2
     f14:	f61b      	tshftls	r3, r3, #24
     f16:	fe1b      	tshftrs	r3, r3, #24
     f18:	4023      	tstorerb	r3, [r4, #0]
     f1a:	6d10      	tpop	{r4, pc}
     f1c:	0080058b 	taddeq	r0, r0, fp, lsl #11
     f20:	0080059b 	umulleq	r0, r0, fp, r5

00000f24 <EPD_WriteData>:
EPD_WriteData():
     f24:	6510      	tpush	{r4, lr}
     f26:	f600      	tshftls	r0, r0, #24
     f28:	fe00      	tshftrs	r0, r0, #24
     f2a:	0c0b      	tloadr	r4, [pc, #44]	; (f58 <EPD_WriteData+0x34>)
     f2c:	4823      	tloadrb	r3, [r4, #0]
     f2e:	a210      	tmovs	r2, #16
     f30:	0393      	tbclrs	r3, r2
     f32:	4023      	tstorerb	r3, [r4, #0]
     f34:	0a09      	tloadr	r2, [pc, #36]	; (f5c <EPD_WriteData+0x38>)
     f36:	4811      	tloadrb	r1, [r2, #0]
     f38:	a380      	tmovs	r3, #128	; 0x80
     f3a:	025b      	tnegs	r3, r3
     f3c:	030b      	tors	r3, r1
     f3e:	f61b      	tshftls	r3, r3, #24
     f40:	fe1b      	tshftrs	r3, r3, #24
     f42:	4013      	tstorerb	r3, [r2, #0]
     f44:	97ff 9f4c 	tjl	de0 <EPD_SPI_Write>
     f48:	4822      	tloadrb	r2, [r4, #0]
     f4a:	a310      	tmovs	r3, #16
     f4c:	0313      	tors	r3, r2
     f4e:	f61b      	tshftls	r3, r3, #24
     f50:	fe1b      	tshftrs	r3, r3, #24
     f52:	4023      	tstorerb	r3, [r4, #0]
     f54:	6d10      	tpop	{r4, pc}
     f56:	46c0      	tnop			; (mov r8, r8)
     f58:	0080058b 	taddeq	r0, r0, fp, lsl #11
     f5c:	0080059b 	umulleq	r0, r0, fp, r5

00000f60 <EPD_CheckStatus>:
EPD_CheckStatus():
     f60:	6570      	tpush	{r4, r5, r6, lr}
     f62:	0e0a      	tloadr	r6, [pc, #40]	; (f8c <EPD_CheckStatus+0x2c>)
     f64:	5835      	tloadr	r5, [r6, #0]
     f66:	f144      	tshftls	r4, r0, #5
     f68:	ea24      	tsubs	r4, r4, r0
     f6a:	f0a4      	tshftls	r4, r4, #2
     f6c:	e824      	tadds	r4, r4, r0
     f6e:	f1e4      	tshftls	r4, r4, #7
     f70:	a0fa      	tmovs	r0, #250	; 0xfa
     f72:	f080      	tshftls	r0, r0, #2
     f74:	97ff 9a22 	tjl	3bc <sleep_us>
     f78:	0905      	tloadr	r1, [pc, #20]	; (f90 <EPD_CheckStatus+0x30>)
     f7a:	a202      	tmovs	r2, #2
     f7c:	480b      	tloadrb	r3, [r1, #0]
     f7e:	021a      	tnand	r2, r3
     f80:	c103      	tjne.n	f8a <EPD_CheckStatus+0x2a>
     f82:	5833      	tloadr	r3, [r6, #0]
     f84:	eb5b      	tsubs	r3, r3, r5
     f86:	029c      	tcmp	r4, r3
     f88:	c8f8      	tjhi.n	f7c <EPD_CheckStatus+0x1c>
     f8a:	6d70      	tpop	{r4, r5, r6, pc}
     f8c:	00800740 	taddeq	r0, r0, r0, asr #14
     f90:	00800580 	taddeq	r0, r0, r0, lsl #11

00000f94 <EPD_CheckStatus_inverted>:
EPD_CheckStatus_inverted():
     f94:	6570      	tpush	{r4, r5, r6, lr}
     f96:	0e0a      	tloadr	r6, [pc, #40]	; (fc0 <EPD_CheckStatus_inverted+0x2c>)
     f98:	5835      	tloadr	r5, [r6, #0]
     f9a:	f144      	tshftls	r4, r0, #5
     f9c:	ea24      	tsubs	r4, r4, r0
     f9e:	f0a4      	tshftls	r4, r4, #2
     fa0:	e824      	tadds	r4, r4, r0
     fa2:	f1e4      	tshftls	r4, r4, #7
     fa4:	a0fa      	tmovs	r0, #250	; 0xfa
     fa6:	f080      	tshftls	r0, r0, #2
     fa8:	97ff 9a08 	tjl	3bc <sleep_us>
     fac:	0905      	tloadr	r1, [pc, #20]	; (fc4 <EPD_CheckStatus_inverted+0x30>)
     fae:	a202      	tmovs	r2, #2
     fb0:	480b      	tloadrb	r3, [r1, #0]
     fb2:	021a      	tnand	r2, r3
     fb4:	c003      	tjeq.n	fbe <EPD_CheckStatus_inverted+0x2a>
     fb6:	5833      	tloadr	r3, [r6, #0]
     fb8:	eb5b      	tsubs	r3, r3, r5
     fba:	029c      	tcmp	r4, r3
     fbc:	c8f8      	tjhi.n	fb0 <EPD_CheckStatus_inverted+0x1c>
     fbe:	6d70      	tpop	{r4, r5, r6, pc}
     fc0:	00800740 	taddeq	r0, r0, r0, asr #14
     fc4:	00800580 	taddeq	r0, r0, r0, lsl #11

00000fc8 <EPD_send_lut>:
EPD_send_lut():
     fc8:	6570      	tpush	{r4, r5, r6, lr}
     fca:	ec05      	tadds	r5, r0, #0
     fcc:	ec0e      	tadds	r6, r1, #0
     fce:	4800      	tloadrb	r0, [r0, #0]
     fd0:	97ff 9f8e 	tjl	ef0 <EPD_WriteCmd>
     fd4:	ae00      	tcmp	r6, #0
     fd6:	cd06      	tjle.n	fe6 <EPD_send_lut+0x1e>
     fd8:	a401      	tmovs	r4, #1
     fda:	1d28      	tloadrb	r0, [r5, r4]
     fdc:	97ff 9fa2 	tjl	f24 <EPD_WriteData>
     fe0:	b401      	tadds	r4, #1
     fe2:	02a6      	tcmp	r6, r4
     fe4:	caf9      	tjge.n	fda <EPD_send_lut+0x12>
     fe6:	6d70      	tpop	{r4, r5, r6, pc}

00000fe8 <EPD_send_empty_lut>:
EPD_send_empty_lut():
     fe8:	6530      	tpush	{r4, r5, lr}
     fea:	ec0d      	tadds	r5, r1, #0
     fec:	f600      	tshftls	r0, r0, #24
     fee:	fe00      	tshftrs	r0, r0, #24
     ff0:	97ff 9f7e 	tjl	ef0 <EPD_WriteCmd>
     ff4:	ad00      	tcmp	r5, #0
     ff6:	cb06      	tjlt.n	1006 <EPD_send_empty_lut+0x1e>
     ff8:	a400      	tmovs	r4, #0
     ffa:	a000      	tmovs	r0, #0
     ffc:	97ff 9f92 	tjl	f24 <EPD_WriteData>
    1000:	b401      	tadds	r4, #1
    1002:	02a5      	tcmp	r5, r4
    1004:	caf9      	tjge.n	ffa <EPD_send_empty_lut+0x12>
    1006:	6d30      	tpop	{r4, r5, pc}

00001008 <EPD_LoadImage>:
EPD_LoadImage():
    1008:	6570      	tpush	{r4, r5, r6, lr}
    100a:	ec06      	tadds	r6, r0, #0
    100c:	ec0d      	tadds	r5, r1, #0
    100e:	f610      	tshftls	r0, r2, #24
    1010:	fe00      	tshftrs	r0, r0, #24
    1012:	97ff 9f6d 	tjl	ef0 <EPD_WriteCmd>
    1016:	ad00      	tcmp	r5, #0
    1018:	cd06      	tjle.n	1028 <EPD_LoadImage+0x20>
    101a:	a400      	tmovs	r4, #0
    101c:	1d30      	tloadrb	r0, [r6, r4]
    101e:	97ff 9f81 	tjl	f24 <EPD_WriteData>
    1022:	b401      	tadds	r4, #1
    1024:	02a5      	tcmp	r5, r4
    1026:	ccf9      	tjgt.n	101c <EPD_LoadImage+0x14>
    1028:	a0fa      	tmovs	r0, #250	; 0xfa
    102a:	f0c0      	tshftls	r0, r0, #3
    102c:	97ff 99c6 	tjl	3bc <sleep_us>
    1030:	6d70      	tpop	{r4, r5, r6, pc}
    1032:	46c0      	tnop			; (mov r8, r8)

00001034 <TIFFDraw>:
TIFFDraw():
    1034:	65f0      	tpush	{r4, r5, r6, r7, lr}
    1036:	065f      	tmov	r7, fp
    1038:	0656      	tmov	r6, sl
    103a:	064d      	tmov	r5, r9
    103c:	0644      	tmov	r4, r8
    103e:	64f0      	tpush	{r4, r5, r6, r7}
    1040:	6081      	tsub	sp, #4
    1042:	4c02      	tloadrb	r2, [r0, #16]
    1044:	4c43      	tloadrb	r3, [r0, #17]
    1046:	f21b      	tshftls	r3, r3, #8
    1048:	0313      	tors	r3, r2
    104a:	4c82      	tloadrb	r2, [r0, #18]
    104c:	f412      	tshftls	r2, r2, #16
    104e:	0313      	tors	r3, r2
    1050:	4cc2      	tloadrb	r2, [r0, #19]
    1052:	f612      	tshftls	r2, r2, #24
    1054:	031a      	tors	r2, r3
    1056:	0690      	tmov	r8, r2
    1058:	4802      	tloadrb	r2, [r0, #0]
    105a:	4843      	tloadrb	r3, [r0, #1]
    105c:	f21b      	tshftls	r3, r3, #8
    105e:	0313      	tors	r3, r2
    1060:	4882      	tloadrb	r2, [r0, #2]
    1062:	f412      	tshftls	r2, r2, #16
    1064:	0313      	tors	r3, r2
    1066:	48c2      	tloadrb	r2, [r0, #3]
    1068:	f612      	tshftls	r2, r2, #24
    106a:	0313      	tors	r3, r2
    106c:	e7d9      	tasrs	r1, r3, #31
    106e:	ff49      	tshftrs	r1, r1, #29
    1070:	e8c9      	tadds	r1, r1, r3
    1072:	e0c9      	tasrs	r1, r1, #3
    1074:	a2f9      	tmovs	r2, #249	; 0xf9
    1076:	f112      	tshftls	r2, r2, #4
    1078:	e889      	tadds	r1, r1, r2
    107a:	0a26      	tloadr	r2, [pc, #152]	; (1114 <TIFFDraw+0xe0>)
    107c:	e855      	tadds	r5, r2, r1
    107e:	a407      	tmovs	r4, #7
    1080:	0023      	tands	r3, r4
    1082:	a480      	tmovs	r4, #128	; 0x80
    1084:	011c      	tasrs	r4, r3
    1086:	f624      	tshftls	r4, r4, #24
    1088:	fe24      	tshftrs	r4, r4, #24
    108a:	06a1      	tmov	r9, r4
    108c:	4a03      	tloadrb	r3, [r0, #8]
    108e:	3300      	tstorer	r3, [sp, #0]
    1090:	4a46      	tloadrb	r6, [r0, #9]
    1092:	f233      	tshftls	r3, r6, #8
    1094:	3c00      	tloadr	r4, [sp, #0]
    1096:	0323      	tors	r3, r4
    1098:	4a87      	tloadrb	r7, [r0, #10]
    109a:	f43a      	tshftls	r2, r7, #16
    109c:	0313      	tors	r3, r2
    109e:	4ac1      	tloadrb	r1, [r0, #11]
    10a0:	068c      	tmov	ip, r1
    10a2:	f60a      	tshftls	r2, r1, #24
    10a4:	0313      	tors	r3, r2
    10a6:	ab00      	tcmp	r3, #0
    10a8:	cd2c      	tjle.n	1104 <TIFFDraw+0xd0>
    10aa:	ec29      	tadds	r1, r5, #0
    10ac:	a200      	tmovs	r2, #0
    10ae:	a300      	tmovs	r3, #0
    10b0:	069a      	tmov	sl, r3
    10b2:	064c      	tmov	r4, r9
    10b4:	03e4      	tmovns	r4, r4
    10b6:	06a1      	tmov	r9, r4
    10b8:	801a      	tj.n	10f0 <TIFFDraw+0xbc>
    10ba:	ec1c      	tadds	r4, r3, #0
    10bc:	f85b      	tshftrs	r3, r3, #1
    10be:	0655      	tmov	r5, sl
    10c0:	0225      	tnand	r5, r4
    10c2:	c109      	tjne.n	10d8 <TIFFDraw+0xa4>
    10c4:	480c      	tloadrb	r4, [r1, #0]
    10c6:	064d      	tmov	r5, r9
    10c8:	002c      	tands	r4, r5
    10ca:	400c      	tstorerb	r4, [r1, #0]
    10cc:	4a04      	tloadrb	r4, [r0, #8]
    10ce:	3400      	tstorer	r4, [sp, #0]
    10d0:	4a46      	tloadrb	r6, [r0, #9]
    10d2:	4a87      	tloadrb	r7, [r0, #10]
    10d4:	4ac5      	tloadrb	r5, [r0, #11]
    10d6:	06ac      	tmov	ip, r5
    10d8:	b201      	tadds	r2, #1
    10da:	b910      	tsubs	r1, #16
    10dc:	f234      	tshftls	r4, r6, #8
    10de:	3d00      	tloadr	r5, [sp, #0]
    10e0:	032c      	tors	r4, r5
    10e2:	f43d      	tshftls	r5, r7, #16
    10e4:	032c      	tors	r4, r5
    10e6:	0665      	tmov	r5, ip
    10e8:	f62d      	tshftls	r5, r5, #24
    10ea:	032c      	tors	r4, r5
    10ec:	0294      	tcmp	r4, r2
    10ee:	cd09      	tjle.n	1104 <TIFFDraw+0xd0>
    10f0:	ab00      	tcmp	r3, #0
    10f2:	c1e2      	tjne.n	10ba <TIFFDraw+0x86>
    10f4:	0645      	tmov	r5, r8
    10f6:	482d      	tloadrb	r5, [r5, #0]
    10f8:	06aa      	tmov	sl, r5
    10fa:	a301      	tmovs	r3, #1
    10fc:	0498      	tadd	r8, r3
    10fe:	a340      	tmovs	r3, #64	; 0x40
    1100:	a480      	tmovs	r4, #128	; 0x80
    1102:	87dc      	tj.n	10be <TIFFDraw+0x8a>
    1104:	6001      	tadd	sp, #4
    1106:	6c3c      	tpop	{r2, r3, r4, r5}
    1108:	0690      	tmov	r8, r2
    110a:	0699      	tmov	r9, r3
    110c:	06a2      	tmov	sl, r4
    110e:	06ab      	tmov	fp, r5
    1110:	6df0      	tpop	{r4, r5, r6, r7, pc}
    1112:	46c0      	tnop			; (mov r8, r8)
    1114:	00844414 	taddeq	r4, r4, r4, lsl r4

00001118 <EPD_read_temp>:
EPD_read_temp():
    1118:	65f0      	tpush	{r4, r5, r6, r7, lr}
    111a:	0c18      	tloadr	r4, [pc, #96]	; (117c <EPD_read_temp+0x64>)
    111c:	a522      	tmovs	r5, #34	; 0x22
    111e:	1d63      	tloadrb	r3, [r4, r5]
    1120:	ab00      	tcmp	r3, #0
    1122:	c002      	tjeq.n	112a <EPD_read_temp+0x12>
    1124:	a323      	tmovs	r3, #35	; 0x23
    1126:	1ce0      	tloadrb	r0, [r4, r3]
    1128:	6df0      	tpop	{r4, r5, r6, r7, pc}
    112a:	97ff 9de3 	tjl	cf4 <EPD_init>
    112e:	0f14      	tloadr	r7, [pc, #80]	; (1180 <EPD_read_temp+0x68>)
    1130:	483b      	tloadrb	r3, [r7, #0]
    1132:	a220      	tmovs	r2, #32
    1134:	0393      	tbclrs	r3, r2
    1136:	403b      	tstorerb	r3, [r7, #0]
    1138:	0812      	tloadr	r0, [pc, #72]	; (1184 <EPD_read_temp+0x6c>)
    113a:	97ff 993f 	tjl	3bc <sleep_us>
    113e:	0e12      	tloadr	r6, [pc, #72]	; (1188 <EPD_read_temp+0x70>)
    1140:	4833      	tloadrb	r3, [r6, #0]
    1142:	a210      	tmovs	r2, #16
    1144:	0393      	tbclrs	r3, r2
    1146:	4033      	tstorerb	r3, [r6, #0]
    1148:	0810      	tloadr	r0, [pc, #64]	; (118c <EPD_read_temp+0x74>)
    114a:	97ff 9937 	tjl	3bc <sleep_us>
    114e:	4832      	tloadrb	r2, [r6, #0]
    1150:	a310      	tmovs	r3, #16
    1152:	0313      	tors	r3, r2
    1154:	f61b      	tshftls	r3, r3, #24
    1156:	fe1b      	tshftrs	r3, r3, #24
    1158:	4033      	tstorerb	r3, [r6, #0]
    115a:	080c      	tloadr	r0, [pc, #48]	; (118c <EPD_read_temp+0x74>)
    115c:	97ff 992e 	tjl	3bc <sleep_us>
    1160:	9000 9a32 	tjl	15c8 <EPD_BWR_154_read_temp>
    1164:	a323      	tmovs	r3, #35	; 0x23
    1166:	14e0      	tstorerb	r0, [r4, r3]
    1168:	4839      	tloadrb	r1, [r7, #0]
    116a:	a220      	tmovs	r2, #32
    116c:	030a      	tors	r2, r1
    116e:	f612      	tshftls	r2, r2, #24
    1170:	fe12      	tshftrs	r2, r2, #24
    1172:	403a      	tstorerb	r2, [r7, #0]
    1174:	a201      	tmovs	r2, #1
    1176:	1562      	tstorerb	r2, [r4, r5]
    1178:	1ce0      	tloadrb	r0, [r4, r3]
    117a:	87d5      	tj.n	1128 <EPD_read_temp+0x10>
    117c:	00845394 	umulleq	r5, r4, r4, r3
    1180:	00800593 	umulleq	r0, r0, r3, r5
    1184:	00001388 	tandeq	r1, r0, r8, lsl #7
    1188:	0080059b 	umulleq	r0, r0, fp, r5
    118c:	00002710 	tandeq	r2, r0, r0, lsl r7

00001190 <EPD_Display>:
EPD_Display():
    1190:	65f0      	tpush	{r4, r5, r6, r7, lr}
    1192:	0657      	tmov	r7, sl
    1194:	0646      	tmov	r6, r8
    1196:	64c0      	tpush	{r6, r7}
    1198:	ec06      	tadds	r6, r0, #0
    119a:	ec0f      	tadds	r7, r1, #0
    119c:	0690      	tmov	r8, r2
    119e:	f61b      	tshftls	r3, r3, #24
    11a0:	fe1b      	tshftrs	r3, r3, #24
    11a2:	069a      	tmov	sl, r3
    11a4:	97ff 9da6 	tjl	cf4 <EPD_init>
    11a8:	0b15      	tloadr	r3, [pc, #84]	; (1200 <EPD_Display+0x70>)
    11aa:	481a      	tloadrb	r2, [r3, #0]
    11ac:	a120      	tmovs	r1, #32
    11ae:	038a      	tbclrs	r2, r1
    11b0:	401a      	tstorerb	r2, [r3, #0]
    11b2:	0814      	tloadr	r0, [pc, #80]	; (1204 <EPD_Display+0x74>)
    11b4:	97ff 9902 	tjl	3bc <sleep_us>
    11b8:	0c13      	tloadr	r4, [pc, #76]	; (1208 <EPD_Display+0x78>)
    11ba:	4823      	tloadrb	r3, [r4, #0]
    11bc:	a210      	tmovs	r2, #16
    11be:	0393      	tbclrs	r3, r2
    11c0:	4023      	tstorerb	r3, [r4, #0]
    11c2:	0d12      	tloadr	r5, [pc, #72]	; (120c <EPD_Display+0x7c>)
    11c4:	ec28      	tadds	r0, r5, #0
    11c6:	97ff 98f9 	tjl	3bc <sleep_us>
    11ca:	4822      	tloadrb	r2, [r4, #0]
    11cc:	a310      	tmovs	r3, #16
    11ce:	0313      	tors	r3, r2
    11d0:	f61b      	tshftls	r3, r3, #24
    11d2:	fe1b      	tshftrs	r3, r3, #24
    11d4:	4023      	tstorerb	r3, [r4, #0]
    11d6:	ec28      	tadds	r0, r5, #0
    11d8:	97ff 98f0 	tjl	3bc <sleep_us>
    11dc:	ec30      	tadds	r0, r6, #0
    11de:	ec39      	tadds	r1, r7, #0
    11e0:	0642      	tmov	r2, r8
    11e2:	0653      	tmov	r3, sl
    11e4:	9000 9a72 	tjl	16cc <EPD_BWR_154_Display>
    11e8:	0b09      	tloadr	r3, [pc, #36]	; (1210 <EPD_Display+0x80>)
    11ea:	a223      	tmovs	r2, #35	; 0x23
    11ec:	1498      	tstorerb	r0, [r3, r2]
    11ee:	a201      	tmovs	r2, #1
    11f0:	a122      	tmovs	r1, #34	; 0x22
    11f2:	145a      	tstorerb	r2, [r3, r1]
    11f4:	a124      	tmovs	r1, #36	; 0x24
    11f6:	145a      	tstorerb	r2, [r3, r1]
    11f8:	6c0c      	tpop	{r2, r3}
    11fa:	0690      	tmov	r8, r2
    11fc:	069a      	tmov	sl, r3
    11fe:	6df0      	tpop	{r4, r5, r6, r7, pc}
    1200:	00800593 	umulleq	r0, r0, r3, r5
    1204:	00001388 	tandeq	r1, r0, r8, lsl #7
    1208:	0080059b 	umulleq	r0, r0, fp, r5
    120c:	00002710 	tandeq	r2, r0, r0, lsl r7
    1210:	00845394 	umulleq	r5, r4, r4, r3

00001214 <epd_set_sleep>:
epd_set_sleep():
    1214:	6500      	tpush	{lr}
    1216:	9000 9b2b 	tjl	1870 <EPD_BWR_154_set_sleep>
    121a:	0b06      	tloadr	r3, [pc, #24]	; (1234 <epd_set_sleep+0x20>)
    121c:	4819      	tloadrb	r1, [r3, #0]
    121e:	a220      	tmovs	r2, #32
    1220:	030a      	tors	r2, r1
    1222:	f612      	tshftls	r2, r2, #24
    1224:	fe12      	tshftrs	r2, r2, #24
    1226:	401a      	tstorerb	r2, [r3, #0]
    1228:	a100      	tmovs	r1, #0
    122a:	a324      	tmovs	r3, #36	; 0x24
    122c:	0a02      	tloadr	r2, [pc, #8]	; (1238 <epd_set_sleep+0x24>)
    122e:	14d1      	tstorerb	r1, [r2, r3]
    1230:	6d00      	tpop	{pc}
    1232:	46c0      	tnop			; (mov r8, r8)
    1234:	00800593 	umulleq	r0, r0, r3, r5
    1238:	00845394 	umulleq	r5, r4, r4, r3

0000123c <epd_state_handler>:
epd_state_handler():
    123c:	6530      	tpush	{r4, r5, lr}
    123e:	0d07      	tloadr	r5, [pc, #28]	; (125c <epd_state_handler+0x20>)
    1240:	a424      	tmovs	r4, #36	; 0x24
    1242:	1d28      	tloadrb	r0, [r5, r4]
    1244:	a801      	tcmp	r0, #1
    1246:	c000      	tjeq.n	124a <epd_state_handler+0xe>
    1248:	6d30      	tpop	{r4, r5, pc}
    124a:	0b05      	tloadr	r3, [pc, #20]	; (1260 <epd_state_handler+0x24>)
    124c:	481b      	tloadrb	r3, [r3, #0]
    124e:	f79a      	tshftls	r2, r3, #30
    1250:	c4fa      	tjmi.n	1248 <epd_state_handler+0xc>
    1252:	97ff 9fdf 	tjl	1214 <epd_set_sleep>
    1256:	1d28      	tloadrb	r0, [r5, r4]
    1258:	87f6      	tj.n	1248 <epd_state_handler+0xc>
    125a:	46c0      	tnop			; (mov r8, r8)
    125c:	00845394 	umulleq	r5, r4, r4, r3
    1260:	00800580 	taddeq	r0, r0, r0, lsl #11

00001264 <FixBuffer>:
FixBuffer():
    1264:	65f0      	tpush	{r4, r5, r6, r7, lr}
    1266:	0647      	tmov	r7, r8
    1268:	6480      	tpush	{r7}
    126a:	f412      	tshftls	r2, r2, #16
    126c:	fc12      	tshftrs	r2, r2, #16
    126e:	0694      	tmov	ip, r2
    1270:	f41d      	tshftls	r5, r3, #16
    1272:	fced      	tshftrs	r5, r5, #19
    1274:	ad00      	tcmp	r5, #0
    1276:	c01a      	tjeq.n	12ae <FixBuffer+0x4a>
    1278:	a201      	tmovs	r2, #1
    127a:	0252      	tnegs	r2, r2
    127c:	ec13      	tadds	r3, r2, #0
    127e:	0463      	tadd	r3, ip
    1280:	e81b      	tadds	r3, r3, r0
    1282:	0698      	tmov	r8, r3
    1284:	e884      	tadds	r4, r0, r2
    1286:	a700      	tmovs	r7, #0
    1288:	0e0a      	tloadr	r6, [pc, #40]	; (12b4 <FixBuffer+0x50>)
    128a:	a300      	tmovs	r3, #0
    128c:	059c      	tcmp	ip, r3
    128e:	c009      	tjeq.n	12a4 <FixBuffer+0x40>
    1290:	e9ca      	tadds	r2, r1, r7
    1292:	0643      	tmov	r3, r8
    1294:	4818      	tloadrb	r0, [r3, #0]
    1296:	1c30      	tloadrb	r0, [r6, r0]
    1298:	03c0      	tmovns	r0, r0
    129a:	4010      	tstorerb	r0, [r2, #0]
    129c:	bb01      	tsubs	r3, #1
    129e:	e952      	tadds	r2, r2, r5
    12a0:	02a3      	tcmp	r3, r4
    12a2:	c1f7      	tjne.n	1294 <FixBuffer+0x30>
    12a4:	b701      	tadds	r7, #1
    12a6:	04e0      	tadd	r8, ip
    12a8:	0464      	tadd	r4, ip
    12aa:	02bd      	tcmp	r5, r7
    12ac:	cced      	tjgt.n	128a <FixBuffer+0x26>
    12ae:	6c04      	tpop	{r2}
    12b0:	0690      	tmov	r8, r2
    12b2:	6df0      	tpop	{r4, r5, r6, r7, pc}
    12b4:	00017448 	tandeq	r7, r1, r8, asr #8

000012b8 <epd_display_char>:
epd_display_char():
    12b8:	6510      	tpush	{r4, lr}
    12ba:	f601      	tshftls	r1, r0, #24
    12bc:	fe09      	tshftrs	r1, r1, #24
    12be:	0808      	tloadr	r0, [pc, #32]	; (12e0 <epd_display_char+0x28>)
    12c0:	ec03      	tadds	r3, r0, #0
    12c2:	a4fa      	tmovs	r4, #250	; 0xfa
    12c4:	f124      	tshftls	r4, r4, #4
    12c6:	e902      	tadds	r2, r0, r4
    12c8:	4019      	tstorerb	r1, [r3, #0]
    12ca:	b301      	tadds	r3, #1
    12cc:	0293      	tcmp	r3, r2
    12ce:	c1fb      	tjne.n	12c8 <epd_display_char+0x10>
    12d0:	a100      	tmovs	r1, #0
    12d2:	a2fa      	tmovs	r2, #250	; 0xfa
    12d4:	f112      	tshftls	r2, r2, #4
    12d6:	a301      	tmovs	r3, #1
    12d8:	97ff 9f5a 	tjl	1190 <EPD_Display>
    12dc:	6d10      	tpop	{r4, pc}
    12de:	46c0      	tnop			; (mov r8, r8)
    12e0:	00844414 	taddeq	r4, r4, r4, lsl r4

000012e4 <epd_clear>:
epd_clear():
    12e4:	6510      	tpush	{r4, lr}
    12e6:	a4fa      	tmovs	r4, #250	; 0xfa
    12e8:	f124      	tshftls	r4, r4, #4
    12ea:	0806      	tloadr	r0, [pc, #24]	; (1304 <epd_clear+0x20>)
    12ec:	a100      	tmovs	r1, #0
    12ee:	ec22      	tadds	r2, r4, #0
    12f0:	9007 984e 	tjl	8390 <memset>
    12f4:	0804      	tloadr	r0, [pc, #16]	; (1308 <epd_clear+0x24>)
    12f6:	b028      	tadds	r0, #40	; 0x28
    12f8:	a100      	tmovs	r1, #0
    12fa:	ec22      	tadds	r2, r4, #0
    12fc:	9007 9848 	tjl	8390 <memset>
    1300:	6d10      	tpop	{r4, pc}
    1302:	46c0      	tnop			; (mov r8, r8)
    1304:	00844414 	taddeq	r4, r4, r4, lsl r4
    1308:	00845394 	umulleq	r5, r4, r4, r3

0000130c <epd_display>:
epd_display():
    130c:	6084      	tsub	sp, #16
    130e:	65f0      	tpush	{r4, r5, r6, r7, lr}
    1310:	065f      	tmov	r7, fp
    1312:	0656      	tmov	r6, sl
    1314:	064d      	tmov	r5, r9
    1316:	0644      	tmov	r4, r8
    1318:	64f0      	tpush	{r4, r5, r6, r7}
    131a:	60a1      	tsub	sp, #132	; 0x84
    131c:	302a      	tstorer	r0, [sp, #168]	; 0xa8
    131e:	ec08      	tadds	r0, r1, #0
    1320:	312b      	tstorer	r1, [sp, #172]	; 0xac
    1322:	322c      	tstorer	r2, [sp, #176]	; 0xb0
    1324:	332d      	tstorer	r3, [sp, #180]	; 0xb4
    1326:	3c31      	tloadr	r4, [sp, #196]	; 0xc4
    1328:	f424      	tshftls	r4, r4, #16
    132a:	fc24      	tshftrs	r4, r4, #16
    132c:	3b33      	tloadr	r3, [sp, #204]	; 0xcc
    132e:	f61b      	tshftls	r3, r3, #24
    1330:	fe1b      	tshftrs	r3, r3, #24
    1332:	3307      	tstorer	r3, [sp, #28]
    1334:	0681      	tmov	r9, r0
    1336:	0692      	tmov	sl, r2
    1338:	0a80      	tloadr	r2, [pc, #512]	; (153c <epd_display+0x230>)
    133a:	0690      	tmov	r8, r2
    133c:	a324      	tmovs	r3, #36	; 0x24
    133e:	1cd7      	tloadrb	r7, [r2, r3]
    1340:	af00      	tcmp	r7, #0
    1342:	c009      	tjeq.n	1358 <epd_display+0x4c>
    1344:	6021      	tadd	sp, #132	; 0x84
    1346:	6c3c      	tpop	{r2, r3, r4, r5}
    1348:	0690      	tmov	r8, r2
    134a:	0699      	tmov	r9, r3
    134c:	06a2      	tmov	sl, r4
    134e:	06ab      	tmov	fp, r5
    1350:	6cf0      	tpop	{r4, r5, r6, r7}
    1352:	6c08      	tpop	{r3}
    1354:	6004      	tadd	sp, #16
    1356:	0718      	tjex	r3
    1358:	97ff 9fc4 	tjl	12e4 <epd_clear>
    135c:	0d78      	tloadr	r5, [pc, #480]	; (1540 <epd_display+0x234>)
    135e:	a228      	tmovs	r2, #40	; 0x28
    1360:	ec13      	tadds	r3, r2, #0
    1362:	0443      	tadd	r3, r8
    1364:	ec28      	tadds	r0, r5, #0
    1366:	a1fa      	tmovs	r1, #250	; 0xfa
    1368:	a280      	tmovs	r2, #128	; 0x80
    136a:	900a 9b15 	tjl	b998 <obdCreateVirtualDisplay>
    136e:	ec28      	tadds	r0, r5, #0
    1370:	a100      	tmovs	r1, #0
    1372:	a200      	tmovs	r2, #0
    1374:	900b 9f60 	tjl	d238 <obdFill>
    1378:	ec20      	tadds	r0, r4, #0
    137a:	97ff 9ac1 	tjl	900 <get_battery_level>
    137e:	0683      	tmov	fp, r0
    1380:	7e08      	tadd	r6, sp, #32
    1382:	ec30      	tadds	r0, r6, #0
    1384:	096f      	tloadr	r1, [pc, #444]	; (1544 <epd_display+0x238>)
    1386:	9006 9fc3 	tjl	8310 <u_sprintf>
    138a:	3600      	tstorer	r6, [sp, #0]
    138c:	a401      	tmovs	r4, #1
    138e:	3401      	tstorer	r4, [sp, #4]
    1390:	3702      	tstorer	r7, [sp, #8]
    1392:	3403      	tstorer	r4, [sp, #12]
    1394:	ec28      	tadds	r0, r5, #0
    1396:	a100      	tmovs	r1, #0
    1398:	a23d      	tmovs	r2, #61	; 0x3d
    139a:	a301      	tmovs	r3, #1
    139c:	900a 9baa 	tjl	baf4 <obdWriteString>
    13a0:	3b2f      	tloadr	r3, [sp, #188]	; 0xbc
    13a2:	3300      	tstorer	r3, [sp, #0]
    13a4:	0b68      	tloadr	r3, [pc, #416]	; (1548 <epd_display+0x23c>)
    13a6:	495a      	tloadrb	r2, [r3, #5]
    13a8:	3201      	tstorer	r2, [sp, #4]
    13aa:	491a      	tloadrb	r2, [r3, #4]
    13ac:	3202      	tstorer	r2, [sp, #8]
    13ae:	48da      	tloadrb	r2, [r3, #3]
    13b0:	3203      	tstorer	r2, [sp, #12]
    13b2:	489a      	tloadrb	r2, [r3, #2]
    13b4:	3204      	tstorer	r2, [sp, #16]
    13b6:	485a      	tloadrb	r2, [r3, #1]
    13b8:	3205      	tstorer	r2, [sp, #20]
    13ba:	481b      	tloadrb	r3, [r3, #0]
    13bc:	3306      	tstorer	r3, [sp, #24]
    13be:	ec30      	tadds	r0, r6, #0
    13c0:	0962      	tloadr	r1, [pc, #392]	; (154c <epd_display+0x240>)
    13c2:	3a2d      	tloadr	r2, [sp, #180]	; 0xb4
    13c4:	3b2e      	tloadr	r3, [sp, #184]	; 0xb8
    13c6:	9006 9fa3 	tjl	8310 <u_sprintf>
    13ca:	3600      	tstorer	r6, [sp, #0]
    13cc:	3401      	tstorer	r4, [sp, #4]
    13ce:	3702      	tstorer	r7, [sp, #8]
    13d0:	3403      	tstorer	r4, [sp, #12]
    13d2:	ec28      	tadds	r0, r5, #0
    13d4:	a100      	tmovs	r1, #0
    13d6:	a21d      	tmovs	r2, #29
    13d8:	a302      	tmovs	r3, #2
    13da:	900a 9b8b 	tjl	baf4 <obdWriteString>
    13de:	a31b      	tmovs	r3, #27
    13e0:	3300      	tstorer	r3, [sp, #0]
    13e2:	3401      	tstorer	r4, [sp, #4]
    13e4:	3402      	tstorer	r4, [sp, #8]
    13e6:	ec28      	tadds	r0, r5, #0
    13e8:	a10a      	tmovs	r1, #10
    13ea:	a21a      	tmovs	r2, #26
    13ec:	a3ef      	tmovs	r3, #239	; 0xef
    13ee:	900b 9fdf 	tjl	d3b0 <obdRectangle>
    13f2:	0650      	tmov	r0, sl
    13f4:	a10a      	tmovs	r1, #10
    13f6:	97fe 9fed 	tjl	3d4 <__divsi3>
    13fa:	f601      	tshftls	r1, r0, #24
    13fc:	fe09      	tshftrs	r1, r1, #24
    13fe:	a031      	tmovs	r0, #49	; 0x31
    1400:	9008 9cc6 	tjl	9d90 <draw_watch_digit.clone.0>
    1404:	0650      	tmov	r0, sl
    1406:	a10a      	tmovs	r1, #10
    1408:	97fe 9fe2 	tjl	3d0 <__modsi3>
    140c:	f601      	tshftls	r1, r0, #24
    140e:	fe09      	tshftrs	r1, r1, #24
    1410:	a050      	tmovs	r0, #80	; 0x50
    1412:	9008 9cbd 	tjl	9d90 <draw_watch_digit.clone.0>
    1416:	a32e      	tmovs	r3, #46	; 0x2e
    1418:	3300      	tstorer	r3, [sp, #0]
    141a:	3401      	tstorer	r4, [sp, #4]
    141c:	3402      	tstorer	r4, [sp, #8]
    141e:	ec28      	tadds	r0, r5, #0
    1420:	a179      	tmovs	r1, #121	; 0x79
    1422:	a22a      	tmovs	r2, #42	; 0x2a
    1424:	a37d      	tmovs	r3, #125	; 0x7d
    1426:	900b 9fc3 	tjl	d3b0 <obdRectangle>
    142a:	a340      	tmovs	r3, #64	; 0x40
    142c:	3300      	tstorer	r3, [sp, #0]
    142e:	3401      	tstorer	r4, [sp, #4]
    1430:	3402      	tstorer	r4, [sp, #8]
    1432:	ec28      	tadds	r0, r5, #0
    1434:	a179      	tmovs	r1, #121	; 0x79
    1436:	a23c      	tmovs	r2, #60	; 0x3c
    1438:	a37d      	tmovs	r3, #125	; 0x7d
    143a:	900b 9fb9 	tjl	d3b0 <obdRectangle>
    143e:	0648      	tmov	r0, r9
    1440:	a10a      	tmovs	r1, #10
    1442:	97fe 9fc7 	tjl	3d4 <__divsi3>
    1446:	f601      	tshftls	r1, r0, #24
    1448:	fe09      	tshftrs	r1, r1, #24
    144a:	a091      	tmovs	r0, #145	; 0x91
    144c:	9008 9ca0 	tjl	9d90 <draw_watch_digit.clone.0>
    1450:	0648      	tmov	r0, r9
    1452:	a10a      	tmovs	r1, #10
    1454:	97fe 9fbc 	tjl	3d0 <__modsi3>
    1458:	f601      	tshftls	r1, r0, #24
    145a:	fe09      	tshftrs	r1, r1, #24
    145c:	a0b0      	tmovs	r0, #176	; 0xb0
    145e:	9008 9c97 	tjl	9d90 <draw_watch_digit.clone.0>
    1462:	a354      	tmovs	r3, #84	; 0x54
    1464:	3300      	tstorer	r3, [sp, #0]
    1466:	3401      	tstorer	r4, [sp, #4]
    1468:	3402      	tstorer	r4, [sp, #8]
    146a:	ec28      	tadds	r0, r5, #0
    146c:	a10a      	tmovs	r1, #10
    146e:	a253      	tmovs	r2, #83	; 0x53
    1470:	a3ef      	tmovs	r3, #239	; 0xef
    1472:	900b 9f9d 	tjl	d3b0 <obdRectangle>
    1476:	a36a      	tmovs	r3, #106	; 0x6a
    1478:	3300      	tstorer	r3, [sp, #0]
    147a:	3401      	tstorer	r4, [sp, #4]
    147c:	3702      	tstorer	r7, [sp, #8]
    147e:	ec28      	tadds	r0, r5, #0
    1480:	a10f      	tmovs	r1, #15
    1482:	a25b      	tmovs	r2, #91	; 0x5b
    1484:	a32a      	tmovs	r3, #42	; 0x2a
    1486:	900b 9f93 	tjl	d3b0 <obdRectangle>
    148a:	a366      	tmovs	r3, #102	; 0x66
    148c:	3300      	tstorer	r3, [sp, #0]
    148e:	3401      	tstorer	r4, [sp, #4]
    1490:	3402      	tstorer	r4, [sp, #8]
    1492:	ec28      	tadds	r0, r5, #0
    1494:	a10c      	tmovs	r1, #12
    1496:	a25f      	tmovs	r2, #95	; 0x5f
    1498:	a30f      	tmovs	r3, #15
    149a:	900b 9f89 	tjl	d3b0 <obdRectangle>
    149e:	065b      	tmov	r3, fp
    14a0:	f058      	tshftls	r0, r3, #1
    14a2:	0458      	tadd	r0, fp
    14a4:	f0c0      	tshftls	r0, r0, #3
    14a6:	a164      	tmovs	r1, #100	; 0x64
    14a8:	97fe 9f94 	tjl	3d4 <__divsi3>
    14ac:	f603      	tshftls	r3, r0, #24
    14ae:	fe1b      	tshftrs	r3, r3, #24
    14b0:	ab00      	tcmp	r3, #0
    14b2:	c138      	tjne.n	1526 <epd_display+0x21a>
    14b4:	ec30      	tadds	r0, r6, #0
    14b6:	0926      	tloadr	r1, [pc, #152]	; (1550 <epd_display+0x244>)
    14b8:	065a      	tmov	r2, fp
    14ba:	9006 9f29 	tjl	8310 <u_sprintf>
    14be:	0f25      	tloadr	r7, [pc, #148]	; (1554 <epd_display+0x248>)
    14c0:	3600      	tstorer	r6, [sp, #0]
    14c2:	a401      	tmovs	r4, #1
    14c4:	3401      	tstorer	r4, [sp, #4]
    14c6:	ec28      	tadds	r0, r5, #0
    14c8:	ec39      	tadds	r1, r7, #0
    14ca:	a231      	tmovs	r2, #49	; 0x31
    14cc:	a36b      	tmovs	r3, #107	; 0x6b
    14ce:	900b 9d4d 	tjl	cf6c <obdWriteStringCustom>
    14d2:	97ff 9e21 	tjl	1118 <EPD_read_temp>
    14d6:	ec02      	tadds	r2, r0, #0
    14d8:	ec30      	tadds	r0, r6, #0
    14da:	091f      	tloadr	r1, [pc, #124]	; (1558 <epd_display+0x24c>)
    14dc:	9006 9f18 	tjl	8310 <u_sprintf>
    14e0:	3600      	tstorer	r6, [sp, #0]
    14e2:	3401      	tstorer	r4, [sp, #4]
    14e4:	ec28      	tadds	r0, r5, #0
    14e6:	ec39      	tadds	r1, r7, #0
    14e8:	a2ae      	tmovs	r2, #174	; 0xae
    14ea:	a36b      	tmovs	r3, #107	; 0x6b
    14ec:	900b 9d3e 	tjl	cf6c <obdWriteStringCustom>
    14f0:	a228      	tmovs	r2, #40	; 0x28
    14f2:	ec10      	tadds	r0, r2, #0
    14f4:	0440      	tadd	r0, r8
    14f6:	0c19      	tloadr	r4, [pc, #100]	; (155c <epd_display+0x250>)
    14f8:	ec21      	tadds	r1, r4, #0
    14fa:	a2fa      	tmovs	r2, #250	; 0xfa
    14fc:	a380      	tmovs	r3, #128	; 0x80
    14fe:	97ff 9eb1 	tjl	1264 <FixBuffer>
    1502:	ec23      	tadds	r3, r4, #0
    1504:	a2fa      	tmovs	r2, #250	; 0xfa
    1506:	f112      	tshftls	r2, r2, #4
    1508:	e8a1      	tadds	r1, r4, r2
    150a:	481a      	tloadrb	r2, [r3, #0]
    150c:	03d2      	tmovns	r2, r2
    150e:	401a      	tstorerb	r2, [r3, #0]
    1510:	b301      	tadds	r3, #1
    1512:	028b      	tcmp	r3, r1
    1514:	c1f9      	tjne.n	150a <epd_display+0x1fe>
    1516:	ec20      	tadds	r0, r4, #0
    1518:	a100      	tmovs	r1, #0
    151a:	a2fa      	tmovs	r2, #250	; 0xfa
    151c:	f112      	tshftls	r2, r2, #4
    151e:	3b07      	tloadr	r3, [sp, #28]
    1520:	97ff 9e36 	tjl	1190 <EPD_Display>
    1524:	870e      	tj.n	1344 <epd_display+0x38>
    1526:	b310      	tadds	r3, #16
    1528:	a268      	tmovs	r2, #104	; 0x68
    152a:	3200      	tstorer	r2, [sp, #0]
    152c:	3401      	tstorer	r4, [sp, #4]
    152e:	3402      	tstorer	r4, [sp, #8]
    1530:	ec28      	tadds	r0, r5, #0
    1532:	a111      	tmovs	r1, #17
    1534:	a25d      	tmovs	r2, #93	; 0x5d
    1536:	900b 9f3b 	tjl	d3b0 <obdRectangle>
    153a:	87bb      	tj.n	14b4 <epd_display+0x1a8>
    153c:	00845394 	umulleq	r5, r4, r4, r3
    1540:	00848fd8 	undefined instruction 0x00848fd8
    1544:	00013438 	tandeq	r3, r1, r8, lsr r4
    1548:	00843ea0 	taddeq	r3, r4, r0, lsr #29
    154c:	0001344c 	tandeq	r3, r1, ip, asr #8
    1550:	00013478 	tandeq	r3, r1, r8, ror r4
    1554:	00012a48 	tandeq	r2, r1, r8, asr #20
    1558:	00013480 	tandeq	r3, r1, r0, lsl #9
    155c:	00844414 	taddeq	r4, r4, r4, lsl r4

00001560 <epd_display_tiff>:
epd_display_tiff():
    1560:	6570      	tpush	{r4, r5, r6, lr}
    1562:	6084      	tsub	sp, #16
    1564:	ec06      	tadds	r6, r0, #0
    1566:	ec0d      	tadds	r5, r1, #0
    1568:	97ff 9ebc 	tjl	12e4 <epd_clear>
    156c:	0c13      	tloadr	r4, [pc, #76]	; (15bc <epd_display_tiff+0x5c>)
    156e:	3600      	tstorer	r6, [sp, #0]
    1570:	3501      	tstorer	r5, [sp, #4]
    1572:	0b13      	tloadr	r3, [pc, #76]	; (15c0 <epd_display_tiff+0x60>)
    1574:	3302      	tstorer	r3, [sp, #8]
    1576:	ec20      	tadds	r0, r4, #0
    1578:	a1fa      	tmovs	r1, #250	; 0xfa
    157a:	a280      	tmovs	r2, #128	; 0x80
    157c:	a301      	tmovs	r3, #1
    157e:	9009 9805 	tjl	a58c <TIFF_openRAW>
    1582:	a180      	tmovs	r1, #128	; 0x80
    1584:	f249      	tshftls	r1, r1, #9
    1586:	a300      	tmovs	r3, #0
    1588:	3300      	tstorer	r3, [sp, #0]
    158a:	a2fa      	tmovs	r2, #250	; 0xfa
    158c:	3201      	tstorer	r2, [sp, #4]
    158e:	a280      	tmovs	r2, #128	; 0x80
    1590:	3202      	tstorer	r2, [sp, #8]
    1592:	3303      	tstorer	r3, [sp, #12]
    1594:	ec20      	tadds	r0, r4, #0
    1596:	a200      	tmovs	r2, #0
    1598:	9009 988a 	tjl	a6b0 <TIFF_setDrawParameters>
    159c:	ec20      	tadds	r0, r4, #0
    159e:	9009 98e1 	tjl	a764 <TIFF_decode>
    15a2:	ec20      	tadds	r0, r4, #0
    15a4:	9009 9862 	tjl	a66c <TIFF_close>
    15a8:	a2fa      	tmovs	r2, #250	; 0xfa
    15aa:	f112      	tshftls	r2, r2, #4
    15ac:	0805      	tloadr	r0, [pc, #20]	; (15c4 <epd_display_tiff+0x64>)
    15ae:	a100      	tmovs	r1, #0
    15b0:	a301      	tmovs	r3, #1
    15b2:	97ff 9ded 	tjl	1190 <EPD_Display>
    15b6:	6004      	tadd	sp, #16
    15b8:	6d70      	tpop	{r4, r5, r6, pc}
    15ba:	46c0      	tnop			; (mov r8, r8)
    15bc:	00849000 	taddeq	r9, r4, r0
    15c0:	00001035 	tandeq	r1, r0, r5, lsr r0
    15c4:	00844414 	taddeq	r4, r4, r4, lsl r4

000015c8 <EPD_BWR_154_read_temp>:
EPD_BWR_154_read_temp():
    15c8:	6510      	tpush	{r4, lr}
    15ca:	a012      	tmovs	r0, #18
    15cc:	97ff 9c90 	tjl	ef0 <EPD_WriteCmd>
    15d0:	a064      	tmovs	r0, #100	; 0x64
    15d2:	97ff 9cdf 	tjl	f94 <EPD_CheckStatus_inverted>
    15d6:	a074      	tmovs	r0, #116	; 0x74
    15d8:	97ff 9c8a 	tjl	ef0 <EPD_WriteCmd>
    15dc:	a054      	tmovs	r0, #84	; 0x54
    15de:	97ff 9ca1 	tjl	f24 <EPD_WriteData>
    15e2:	a07e      	tmovs	r0, #126	; 0x7e
    15e4:	97ff 9c84 	tjl	ef0 <EPD_WriteCmd>
    15e8:	a03b      	tmovs	r0, #59	; 0x3b
    15ea:	97ff 9c9b 	tjl	f24 <EPD_WriteData>
    15ee:	a00c      	tmovs	r0, #12
    15f0:	97ff 9c7e 	tjl	ef0 <EPD_WriteCmd>
    15f4:	a08b      	tmovs	r0, #139	; 0x8b
    15f6:	97ff 9c95 	tjl	f24 <EPD_WriteData>
    15fa:	a09c      	tmovs	r0, #156	; 0x9c
    15fc:	97ff 9c92 	tjl	f24 <EPD_WriteData>
    1600:	a096      	tmovs	r0, #150	; 0x96
    1602:	97ff 9c8f 	tjl	f24 <EPD_WriteData>
    1606:	a00f      	tmovs	r0, #15
    1608:	97ff 9c8c 	tjl	f24 <EPD_WriteData>
    160c:	a001      	tmovs	r0, #1
    160e:	97ff 9c6f 	tjl	ef0 <EPD_WriteCmd>
    1612:	a028      	tmovs	r0, #40	; 0x28
    1614:	97ff 9c86 	tjl	f24 <EPD_WriteData>
    1618:	a001      	tmovs	r0, #1
    161a:	97ff 9c83 	tjl	f24 <EPD_WriteData>
    161e:	a001      	tmovs	r0, #1
    1620:	97ff 9c80 	tjl	f24 <EPD_WriteData>
    1624:	a011      	tmovs	r0, #17
    1626:	97ff 9c63 	tjl	ef0 <EPD_WriteCmd>
    162a:	a001      	tmovs	r0, #1
    162c:	97ff 9c7a 	tjl	f24 <EPD_WriteData>
    1630:	a044      	tmovs	r0, #68	; 0x44
    1632:	97ff 9c5d 	tjl	ef0 <EPD_WriteCmd>
    1636:	a000      	tmovs	r0, #0
    1638:	97ff 9c74 	tjl	f24 <EPD_WriteData>
    163c:	a00f      	tmovs	r0, #15
    163e:	97ff 9c71 	tjl	f24 <EPD_WriteData>
    1642:	a045      	tmovs	r0, #69	; 0x45
    1644:	97ff 9c54 	tjl	ef0 <EPD_WriteCmd>
    1648:	a028      	tmovs	r0, #40	; 0x28
    164a:	97ff 9c6b 	tjl	f24 <EPD_WriteData>
    164e:	a001      	tmovs	r0, #1
    1650:	97ff 9c68 	tjl	f24 <EPD_WriteData>
    1654:	a02e      	tmovs	r0, #46	; 0x2e
    1656:	97ff 9c65 	tjl	f24 <EPD_WriteData>
    165a:	a000      	tmovs	r0, #0
    165c:	97ff 9c62 	tjl	f24 <EPD_WriteData>
    1660:	a03c      	tmovs	r0, #60	; 0x3c
    1662:	97ff 9c45 	tjl	ef0 <EPD_WriteCmd>
    1666:	a005      	tmovs	r0, #5
    1668:	97ff 9c5c 	tjl	f24 <EPD_WriteData>
    166c:	a021      	tmovs	r0, #33	; 0x21
    166e:	97ff 9c3f 	tjl	ef0 <EPD_WriteCmd>
    1672:	a000      	tmovs	r0, #0
    1674:	97ff 9c56 	tjl	f24 <EPD_WriteData>
    1678:	a080      	tmovs	r0, #128	; 0x80
    167a:	97ff 9c53 	tjl	f24 <EPD_WriteData>
    167e:	a018      	tmovs	r0, #24
    1680:	97ff 9c36 	tjl	ef0 <EPD_WriteCmd>
    1684:	a080      	tmovs	r0, #128	; 0x80
    1686:	97ff 9c4d 	tjl	f24 <EPD_WriteData>
    168a:	a022      	tmovs	r0, #34	; 0x22
    168c:	97ff 9c30 	tjl	ef0 <EPD_WriteCmd>
    1690:	a0b1      	tmovs	r0, #177	; 0xb1
    1692:	97ff 9c47 	tjl	f24 <EPD_WriteData>
    1696:	a020      	tmovs	r0, #32
    1698:	97ff 9c2a 	tjl	ef0 <EPD_WriteCmd>
    169c:	a064      	tmovs	r0, #100	; 0x64
    169e:	97ff 9c79 	tjl	f94 <EPD_CheckStatus_inverted>
    16a2:	a01b      	tmovs	r0, #27
    16a4:	97ff 9c24 	tjl	ef0 <EPD_WriteCmd>
    16a8:	97ff 9bc8 	tjl	e3c <EPD_SPI_read>
    16ac:	ec04      	tadds	r4, r0, #0
    16ae:	97ff 9bc5 	tjl	e3c <EPD_SPI_read>
    16b2:	0805      	tloadr	r0, [pc, #20]	; (16c8 <EPD_BWR_154_read_temp+0x100>)
    16b4:	97fe 9e82 	tjl	3bc <sleep_us>
    16b8:	a010      	tmovs	r0, #16
    16ba:	97ff 9c19 	tjl	ef0 <EPD_WriteCmd>
    16be:	a001      	tmovs	r0, #1
    16c0:	97ff 9c30 	tjl	f24 <EPD_WriteData>
    16c4:	ec20      	tadds	r0, r4, #0
    16c6:	6d10      	tpop	{r4, pc}
    16c8:	00001388 	tandeq	r1, r0, r8, lsl #7

000016cc <EPD_BWR_154_Display>:
EPD_BWR_154_Display():
    16cc:	65f0      	tpush	{r4, r5, r6, r7, lr}
    16ce:	0647      	tmov	r7, r8
    16d0:	6480      	tpush	{r7}
    16d2:	ec04      	tadds	r4, r0, #0
    16d4:	ec0d      	tadds	r5, r1, #0
    16d6:	ec16      	tadds	r6, r2, #0
    16d8:	f61f      	tshftls	r7, r3, #24
    16da:	fe3f      	tshftrs	r7, r7, #24
    16dc:	a012      	tmovs	r0, #18
    16de:	97ff 9c07 	tjl	ef0 <EPD_WriteCmd>
    16e2:	a064      	tmovs	r0, #100	; 0x64
    16e4:	97ff 9c56 	tjl	f94 <EPD_CheckStatus_inverted>
    16e8:	a074      	tmovs	r0, #116	; 0x74
    16ea:	97ff 9c01 	tjl	ef0 <EPD_WriteCmd>
    16ee:	a054      	tmovs	r0, #84	; 0x54
    16f0:	97ff 9c18 	tjl	f24 <EPD_WriteData>
    16f4:	a07e      	tmovs	r0, #126	; 0x7e
    16f6:	97ff 9bfb 	tjl	ef0 <EPD_WriteCmd>
    16fa:	a03b      	tmovs	r0, #59	; 0x3b
    16fc:	97ff 9c12 	tjl	f24 <EPD_WriteData>
    1700:	a00c      	tmovs	r0, #12
    1702:	97ff 9bf5 	tjl	ef0 <EPD_WriteCmd>
    1706:	a08b      	tmovs	r0, #139	; 0x8b
    1708:	97ff 9c0c 	tjl	f24 <EPD_WriteData>
    170c:	a09c      	tmovs	r0, #156	; 0x9c
    170e:	97ff 9c09 	tjl	f24 <EPD_WriteData>
    1712:	a096      	tmovs	r0, #150	; 0x96
    1714:	97ff 9c06 	tjl	f24 <EPD_WriteData>
    1718:	a00f      	tmovs	r0, #15
    171a:	97ff 9c03 	tjl	f24 <EPD_WriteData>
    171e:	a001      	tmovs	r0, #1
    1720:	97ff 9be6 	tjl	ef0 <EPD_WriteCmd>
    1724:	a028      	tmovs	r0, #40	; 0x28
    1726:	97ff 9bfd 	tjl	f24 <EPD_WriteData>
    172a:	a001      	tmovs	r0, #1
    172c:	97ff 9bfa 	tjl	f24 <EPD_WriteData>
    1730:	a001      	tmovs	r0, #1
    1732:	97ff 9bf7 	tjl	f24 <EPD_WriteData>
    1736:	a011      	tmovs	r0, #17
    1738:	97ff 9bda 	tjl	ef0 <EPD_WriteCmd>
    173c:	a001      	tmovs	r0, #1
    173e:	97ff 9bf1 	tjl	f24 <EPD_WriteData>
    1742:	a044      	tmovs	r0, #68	; 0x44
    1744:	97ff 9bd4 	tjl	ef0 <EPD_WriteCmd>
    1748:	a000      	tmovs	r0, #0
    174a:	97ff 9beb 	tjl	f24 <EPD_WriteData>
    174e:	a00f      	tmovs	r0, #15
    1750:	97ff 9be8 	tjl	f24 <EPD_WriteData>
    1754:	a045      	tmovs	r0, #69	; 0x45
    1756:	97ff 9bcb 	tjl	ef0 <EPD_WriteCmd>
    175a:	a028      	tmovs	r0, #40	; 0x28
    175c:	97ff 9be2 	tjl	f24 <EPD_WriteData>
    1760:	a001      	tmovs	r0, #1
    1762:	97ff 9bdf 	tjl	f24 <EPD_WriteData>
    1766:	a02e      	tmovs	r0, #46	; 0x2e
    1768:	97ff 9bdc 	tjl	f24 <EPD_WriteData>
    176c:	a000      	tmovs	r0, #0
    176e:	97ff 9bd9 	tjl	f24 <EPD_WriteData>
    1772:	a03c      	tmovs	r0, #60	; 0x3c
    1774:	97ff 9bbc 	tjl	ef0 <EPD_WriteCmd>
    1778:	a005      	tmovs	r0, #5
    177a:	97ff 9bd3 	tjl	f24 <EPD_WriteData>
    177e:	a021      	tmovs	r0, #33	; 0x21
    1780:	97ff 9bb6 	tjl	ef0 <EPD_WriteCmd>
    1784:	a000      	tmovs	r0, #0
    1786:	97ff 9bcd 	tjl	f24 <EPD_WriteData>
    178a:	a080      	tmovs	r0, #128	; 0x80
    178c:	97ff 9bca 	tjl	f24 <EPD_WriteData>
    1790:	a018      	tmovs	r0, #24
    1792:	97ff 9bad 	tjl	ef0 <EPD_WriteCmd>
    1796:	a080      	tmovs	r0, #128	; 0x80
    1798:	97ff 9bc4 	tjl	f24 <EPD_WriteData>
    179c:	a022      	tmovs	r0, #34	; 0x22
    179e:	97ff 9ba7 	tjl	ef0 <EPD_WriteCmd>
    17a2:	a0b1      	tmovs	r0, #177	; 0xb1
    17a4:	97ff 9bbe 	tjl	f24 <EPD_WriteData>
    17a8:	a020      	tmovs	r0, #32
    17aa:	97ff 9ba1 	tjl	ef0 <EPD_WriteCmd>
    17ae:	a064      	tmovs	r0, #100	; 0x64
    17b0:	97ff 9bf0 	tjl	f94 <EPD_CheckStatus_inverted>
    17b4:	a01b      	tmovs	r0, #27
    17b6:	97ff 9b9b 	tjl	ef0 <EPD_WriteCmd>
    17ba:	97ff 9b3f 	tjl	e3c <EPD_SPI_read>
    17be:	0680      	tmov	r8, r0
    17c0:	97ff 9b3c 	tjl	e3c <EPD_SPI_read>
    17c4:	0828      	tloadr	r0, [pc, #160]	; (1868 <EPD_BWR_154_Display+0x19c>)
    17c6:	97fe 9df9 	tjl	3bc <sleep_us>
    17ca:	a04e      	tmovs	r0, #78	; 0x4e
    17cc:	97ff 9b90 	tjl	ef0 <EPD_WriteCmd>
    17d0:	a000      	tmovs	r0, #0
    17d2:	97ff 9ba7 	tjl	f24 <EPD_WriteData>
    17d6:	a04f      	tmovs	r0, #79	; 0x4f
    17d8:	97ff 9b8a 	tjl	ef0 <EPD_WriteCmd>
    17dc:	a028      	tmovs	r0, #40	; 0x28
    17de:	97ff 9ba1 	tjl	f24 <EPD_WriteData>
    17e2:	a001      	tmovs	r0, #1
    17e4:	97ff 9b9e 	tjl	f24 <EPD_WriteData>
    17e8:	ec20      	tadds	r0, r4, #0
    17ea:	ec31      	tadds	r1, r6, #0
    17ec:	a224      	tmovs	r2, #36	; 0x24
    17ee:	97ff 9c0b 	tjl	1008 <EPD_LoadImage>
    17f2:	a04e      	tmovs	r0, #78	; 0x4e
    17f4:	97ff 9b7c 	tjl	ef0 <EPD_WriteCmd>
    17f8:	a000      	tmovs	r0, #0
    17fa:	97ff 9b93 	tjl	f24 <EPD_WriteData>
    17fe:	a04f      	tmovs	r0, #79	; 0x4f
    1800:	97ff 9b76 	tjl	ef0 <EPD_WriteCmd>
    1804:	a028      	tmovs	r0, #40	; 0x28
    1806:	97ff 9b8d 	tjl	f24 <EPD_WriteData>
    180a:	a001      	tmovs	r0, #1
    180c:	97ff 9b8a 	tjl	f24 <EPD_WriteData>
    1810:	a026      	tmovs	r0, #38	; 0x26
    1812:	97ff 9b6d 	tjl	ef0 <EPD_WriteCmd>
    1816:	ae00      	tcmp	r6, #0
    1818:	cd09      	tjle.n	182e <EPD_BWR_154_Display+0x162>
    181a:	a400      	tmovs	r4, #0
    181c:	a000      	tmovs	r0, #0
    181e:	ad00      	tcmp	r5, #0
    1820:	c000      	tjeq.n	1824 <EPD_BWR_154_Display+0x158>
    1822:	1d28      	tloadrb	r0, [r5, r4]
    1824:	97ff 9b7e 	tjl	f24 <EPD_WriteData>
    1828:	b401      	tadds	r4, #1
    182a:	02a6      	tcmp	r6, r4
    182c:	ccf6      	tjgt.n	181c <EPD_BWR_154_Display+0x150>
    182e:	af00      	tcmp	r7, #0
    1830:	c00c      	tjeq.n	184c <EPD_BWR_154_Display+0x180>
    1832:	a022      	tmovs	r0, #34	; 0x22
    1834:	97ff 9b5c 	tjl	ef0 <EPD_WriteCmd>
    1838:	a0c7      	tmovs	r0, #199	; 0xc7
    183a:	97ff 9b73 	tjl	f24 <EPD_WriteData>
    183e:	a020      	tmovs	r0, #32
    1840:	97ff 9b56 	tjl	ef0 <EPD_WriteCmd>
    1844:	0640      	tmov	r0, r8
    1846:	6c04      	tpop	{r2}
    1848:	0690      	tmov	r8, r2
    184a:	6df0      	tpop	{r4, r5, r6, r7, pc}
    184c:	a032      	tmovs	r0, #50	; 0x32
    184e:	97ff 9b4f 	tjl	ef0 <EPD_WriteCmd>
    1852:	0c06      	tloadr	r4, [pc, #24]	; (186c <EPD_BWR_154_Display+0x1a0>)
    1854:	ec25      	tadds	r5, r4, #0
    1856:	b599      	tadds	r5, #153	; 0x99
    1858:	4820      	tloadrb	r0, [r4, #0]
    185a:	97ff 9b63 	tjl	f24 <EPD_WriteData>
    185e:	b401      	tadds	r4, #1
    1860:	02ac      	tcmp	r4, r5
    1862:	c1f9      	tjne.n	1858 <EPD_BWR_154_Display+0x18c>
    1864:	87e5      	tj.n	1832 <EPD_BWR_154_Display+0x166>
    1866:	46c0      	tnop			; (mov r8, r8)
    1868:	00001388 	tandeq	r1, r0, r8, lsl #7
    186c:	000159a8 	tandeq	r5, r1, r8, lsr #19

00001870 <EPD_BWR_154_set_sleep>:
EPD_BWR_154_set_sleep():
    1870:	6500      	tpush	{lr}
    1872:	a010      	tmovs	r0, #16
    1874:	97ff 9b3c 	tjl	ef0 <EPD_WriteCmd>
    1878:	a001      	tmovs	r0, #1
    187a:	97ff 9b53 	tjl	f24 <EPD_WriteData>
    187e:	6d00      	tpop	{pc}

00001880 <write_ota_firmware_to_flash>:
write_ota_firmware_to_flash():
    1880:	6570      	tpush	{r4, r5, r6, lr}
    1882:	0b18      	tloadr	r3, [pc, #96]	; (18e4 <write_ota_firmware_to_flash+0x64>)
    1884:	481a      	tloadrb	r2, [r3, #0]
    1886:	a200      	tmovs	r2, #0
    1888:	401a      	tstorerb	r2, [r3, #0]
    188a:	a400      	tmovs	r4, #0
    188c:	a580      	tmovs	r5, #128	; 0x80
    188e:	f2ad      	tshftls	r5, r5, #10
    1890:	ec20      	tadds	r0, r4, #0
    1892:	97fe 9d09 	tjl	2a8 <flash_erase_sector>
    1896:	a380      	tmovs	r3, #128	; 0x80
    1898:	f15b      	tshftls	r3, r3, #5
    189a:	e8e4      	tadds	r4, r4, r3
    189c:	02ac      	tcmp	r4, r5
    189e:	c1f7      	tjne.n	1890 <write_ota_firmware_to_flash+0x10>
    18a0:	a400      	tmovs	r4, #0
    18a2:	0d11      	tloadr	r5, [pc, #68]	; (18e8 <write_ota_firmware_to_flash+0x68>)
    18a4:	a680      	tmovs	r6, #128	; 0x80
    18a6:	f2b6      	tshftls	r6, r6, #10
    18a8:	a380      	tmovs	r3, #128	; 0x80
    18aa:	f29b      	tshftls	r3, r3, #10
    18ac:	e8e0      	tadds	r0, r4, r3
    18ae:	a180      	tmovs	r1, #128	; 0x80
    18b0:	f049      	tshftls	r1, r1, #1
    18b2:	ec2a      	tadds	r2, r5, #0
    18b4:	97fe 9d46 	tjl	344 <flash_read_page>
    18b8:	ec20      	tadds	r0, r4, #0
    18ba:	a180      	tmovs	r1, #128	; 0x80
    18bc:	f049      	tshftls	r1, r1, #1
    18be:	ec2a      	tadds	r2, r5, #0
    18c0:	97fe 9d12 	tjl	2e8 <flash_write_page>
    18c4:	b401      	tadds	r4, #1
    18c6:	b4ff      	tadds	r4, #255	; 0xff
    18c8:	02b4      	tcmp	r4, r6
    18ca:	c1ed      	tjne.n	18a8 <write_ota_firmware_to_flash+0x28>
    18cc:	a03c      	tmovs	r0, #60	; 0x3c
    18ce:	97fe 9c3f 	tjl	150 <analog_read>
    18d2:	a1fe      	tmovs	r1, #254	; 0xfe
    18d4:	0001      	tands	r1, r0
    18d6:	a03c      	tmovs	r0, #60	; 0x3c
    18d8:	97fe 9c5a 	tjl	190 <analog_write>
    18dc:	a220      	tmovs	r2, #32
    18de:	0b03      	tloadr	r3, [pc, #12]	; (18ec <write_ota_firmware_to_flash+0x6c>)
    18e0:	401a      	tstorerb	r2, [r3, #0]
    18e2:	87fe      	tj.n	18e2 <write_ota_firmware_to_flash+0x62>
    18e4:	00800643 	taddeq	r0, r0, r3, asr #12
    18e8:	00846360 	taddeq	r6, r4, r0, ror #6
    18ec:	0080006f 	taddeq	r0, r0, pc, rrx

000018f0 <custom_otaWrite>:
custom_otaWrite():
    18f0:	65f0      	tpush	{r4, r5, r6, r7, lr}
    18f2:	0647      	tmov	r7, r8
    18f4:	6480      	tpush	{r7}
    18f6:	ec03      	tadds	r3, r0, #0
    18f8:	ec04      	tadds	r4, r0, #0
    18fa:	b40d      	tadds	r4, #13
    18fc:	4985      	tloadrb	r5, [r0, #6]
    18fe:	f62d      	tshftls	r5, r5, #24
    1900:	a2fd      	tmovs	r2, #253	; 0xfd
    1902:	f612      	tshftls	r2, r2, #24
    1904:	e8ad      	tadds	r5, r5, r2
    1906:	fe2d      	tshftrs	r5, r5, #24
    1908:	a000      	tmovs	r0, #0
    190a:	ad04      	tcmp	r5, #4
    190c:	c909      	tjls.n	1922 <custom_otaWrite+0x32>
    190e:	4860      	tloadrb	r0, [r4, #1]
    1910:	f600      	tshftls	r0, r0, #24
    1912:	48a2      	tloadrb	r2, [r4, #2]
    1914:	f412      	tshftls	r2, r2, #16
    1916:	0310      	tors	r0, r2
    1918:	4922      	tloadrb	r2, [r4, #4]
    191a:	0310      	tors	r0, r2
    191c:	48e2      	tloadrb	r2, [r4, #3]
    191e:	f212      	tshftls	r2, r2, #8
    1920:	0310      	tors	r0, r2
    1922:	4b5b      	tloadrb	r3, [r3, #13]
    1924:	ab07      	tcmp	r3, #7
    1926:	c814      	tjhi.n	1952 <custom_otaWrite+0x62>
    1928:	f09b      	tshftls	r3, r3, #2
    192a:	0a5c      	tloadr	r2, [pc, #368]	; (1a9c <custom_otaWrite+0x1ac>)
    192c:	18d3      	tloadr	r3, [r2, r3]
    192e:	069f      	tmov	pc, r3
    1930:	0b5b      	tloadr	r3, [pc, #364]	; (1aa0 <custom_otaWrite+0x1b0>)
    1932:	0298      	tcmp	r0, r3
    1934:	c10d      	tjne.n	1952 <custom_otaWrite+0x62>
    1936:	0b5b      	tloadr	r3, [pc, #364]	; (1aa4 <custom_otaWrite+0x1b4>)
    1938:	281b      	tloadrh	r3, [r3, #0]
    193a:	0a5b      	tloadr	r2, [pc, #364]	; (1aa8 <custom_otaWrite+0x1b8>)
    193c:	4a50      	tloadrb	r0, [r2, #9]
    193e:	fa19      	tshftrs	r1, r3, #8
    1940:	0288      	tcmp	r0, r1
    1942:	c106      	tjne.n	1952 <custom_otaWrite+0x62>
    1944:	4a92      	tloadrb	r2, [r2, #10]
    1946:	a1ff      	tmovs	r1, #255	; 0xff
    1948:	000b      	tands	r3, r1
    194a:	029a      	tcmp	r2, r3
    194c:	c101      	tjne.n	1952 <custom_otaWrite+0x62>
    194e:	97ff 9f97 	tjl	1880 <write_ota_firmware_to_flash>
    1952:	a000      	tmovs	r0, #0
    1954:	6c04      	tpop	{r2}
    1956:	0690      	tmov	r8, r2
    1958:	6df0      	tpop	{r4, r5, r6, r7, pc}
    195a:	a580      	tmovs	r5, #128	; 0x80
    195c:	f2ad      	tshftls	r5, r5, #10
    195e:	0f51      	tloadr	r7, [pc, #324]	; (1aa4 <custom_otaWrite+0x1b4>)
    1960:	0e52      	tloadr	r6, [pc, #328]	; (1aac <custom_otaWrite+0x1bc>)
    1962:	ec74      	tadds	r4, r6, #1
    1964:	b4ff      	tadds	r4, #255	; 0xff
    1966:	a280      	tmovs	r2, #128	; 0x80
    1968:	f2d3      	tshftls	r3, r2, #11
    196a:	0698      	tmov	r8, r3
    196c:	ec28      	tadds	r0, r5, #0
    196e:	a180      	tmovs	r1, #128	; 0x80
    1970:	f049      	tshftls	r1, r1, #1
    1972:	ec32      	tadds	r2, r6, #0
    1974:	97fe 9ce6 	tjl	344 <flash_read_page>
    1978:	283a      	tloadrh	r2, [r7, #0]
    197a:	ec33      	tadds	r3, r6, #0
    197c:	4818      	tloadrb	r0, [r3, #0]
    197e:	e812      	tadds	r2, r2, r0
    1980:	f410      	tshftls	r0, r2, #16
    1982:	fc02      	tshftrs	r2, r0, #16
    1984:	b301      	tadds	r3, #1
    1986:	02a3      	tcmp	r3, r4
    1988:	c1f8      	tjne.n	197c <custom_otaWrite+0x8c>
    198a:	203a      	tstorerh	r2, [r7, #0]
    198c:	b501      	tadds	r5, #1
    198e:	b5ff      	tadds	r5, #255	; 0xff
    1990:	0545      	tcmp	r5, r8
    1992:	c1eb      	tjne.n	196c <custom_otaWrite+0x7c>
    1994:	0944      	tloadr	r1, [pc, #272]	; (1aa8 <custom_otaWrite+0x1b8>)
    1996:	a307      	tmovs	r3, #7
    1998:	410b      	tstorerb	r3, [r1, #4]
    199a:	fe00      	tshftrs	r0, r0, #24
    199c:	4148      	tstorerb	r0, [r1, #5]
    199e:	418a      	tstorerb	r2, [r1, #6]
    19a0:	b104      	tadds	r1, #4
    19a2:	a016      	tmovs	r0, #22
    19a4:	a203      	tmovs	r2, #3
    19a6:	900c 9f01 	tjl	e7ac <bls_att_pushNotifyData>
    19aa:	87d2      	tj.n	1952 <custom_otaWrite+0x62>
    19ac:	a200      	tmovs	r2, #0
    19ae:	0b3d      	tloadr	r3, [pc, #244]	; (1aa4 <custom_otaWrite+0x1b4>)
    19b0:	201a      	tstorerh	r2, [r3, #0]
    19b2:	0c3d      	tloadr	r4, [pc, #244]	; (1aa8 <custom_otaWrite+0x1b8>)
    19b4:	b404      	tadds	r4, #4
    19b6:	093d      	tloadr	r1, [pc, #244]	; (1aac <custom_otaWrite+0x1bc>)
    19b8:	e809      	tadds	r1, r1, r0
    19ba:	ec20      	tadds	r0, r4, #0
    19bc:	a214      	tmovs	r2, #20
    19be:	9006 9cf1 	tjl	83a4 <memcpy>
    19c2:	a016      	tmovs	r0, #22
    19c4:	ec21      	tadds	r1, r4, #0
    19c6:	a214      	tmovs	r2, #20
    19c8:	900c 9ef0 	tjl	e7ac <bls_att_pushNotifyData>
    19cc:	87c1      	tj.n	1952 <custom_otaWrite+0x62>
    19ce:	a200      	tmovs	r2, #0
    19d0:	0b34      	tloadr	r3, [pc, #208]	; (1aa4 <custom_otaWrite+0x1b4>)
    19d2:	201a      	tstorerh	r2, [r3, #0]
    19d4:	0c34      	tloadr	r4, [pc, #208]	; (1aa8 <custom_otaWrite+0x1b8>)
    19d6:	b404      	tadds	r4, #4
    19d8:	a114      	tmovs	r1, #20
    19da:	ec22      	tadds	r2, r4, #0
    19dc:	97fe 9cb2 	tjl	344 <flash_read_page>
    19e0:	a016      	tmovs	r0, #22
    19e2:	ec21      	tadds	r1, r4, #0
    19e4:	a214      	tmovs	r2, #20
    19e6:	900c 9ee1 	tjl	e7ac <bls_att_pushNotifyData>
    19ea:	87b2      	tj.n	1952 <custom_otaWrite+0x62>
    19ec:	a200      	tmovs	r2, #0
    19ee:	0b2d      	tloadr	r3, [pc, #180]	; (1aa4 <custom_otaWrite+0x1b4>)
    19f0:	201a      	tstorerh	r2, [r3, #0]
    19f2:	0f2d      	tloadr	r7, [pc, #180]	; (1aa8 <custom_otaWrite+0x1b8>)
    19f4:	283e      	tloadrh	r6, [r7, #0]
    19f6:	ee6a      	tsubs	r2, r5, #1
    19f8:	e991      	tadds	r1, r2, r6
    19fa:	a380      	tmovs	r3, #128	; 0x80
    19fc:	f05b      	tshftls	r3, r3, #1
    19fe:	0299      	tcmp	r1, r3
    1a00:	cca7      	tjgt.n	1952 <custom_otaWrite+0x62>
    1a02:	082a      	tloadr	r0, [pc, #168]	; (1aac <custom_otaWrite+0x1bc>)
    1a04:	e980      	tadds	r0, r0, r6
    1a06:	ec61      	tadds	r1, r4, #1
    1a08:	9006 9ccc 	tjl	83a4 <memcpy>
    1a0c:	be01      	tsubs	r6, #1
    1a0e:	e9ad      	tadds	r5, r5, r6
    1a10:	203d      	tstorerh	r5, [r7, #0]
    1a12:	879e      	tj.n	1952 <custom_otaWrite+0x62>
    1a14:	a200      	tmovs	r2, #0
    1a16:	0b23      	tloadr	r3, [pc, #140]	; (1aa4 <custom_otaWrite+0x1b4>)
    1a18:	201a      	tstorerh	r2, [r3, #0]
    1a1a:	0b25      	tloadr	r3, [pc, #148]	; (1ab0 <custom_otaWrite+0x1c0>)
    1a1c:	e8c2      	tadds	r2, r0, r3
    1a1e:	0b25      	tloadr	r3, [pc, #148]	; (1ab4 <custom_otaWrite+0x1c4>)
    1a20:	029a      	tcmp	r2, r3
    1a22:	c934      	tjls.n	1a8e <custom_otaWrite+0x19e>
    1a24:	0e21      	tloadr	r6, [pc, #132]	; (1aac <custom_otaWrite+0x1bc>)
    1a26:	0c20      	tloadr	r4, [pc, #128]	; (1aa8 <custom_otaWrite+0x1b8>)
    1a28:	ec30      	tadds	r0, r6, #0
    1a2a:	a100      	tmovs	r1, #0
    1a2c:	a280      	tmovs	r2, #128	; 0x80
    1a2e:	f052      	tshftls	r2, r2, #1
    1a30:	9006 9cae 	tjl	8390 <memset>
    1a34:	a300      	tmovs	r3, #0
    1a36:	2023      	tstorerh	r3, [r4, #0]
    1a38:	878b      	tj.n	1952 <custom_otaWrite+0x62>
    1a3a:	a200      	tmovs	r2, #0
    1a3c:	0b19      	tloadr	r3, [pc, #100]	; (1aa4 <custom_otaWrite+0x1b4>)
    1a3e:	201a      	tstorerh	r2, [r3, #0]
    1a40:	0b1b      	tloadr	r3, [pc, #108]	; (1ab0 <custom_otaWrite+0x1c0>)
    1a42:	e8c2      	tadds	r2, r0, r3
    1a44:	0b1b      	tloadr	r3, [pc, #108]	; (1ab4 <custom_otaWrite+0x1c4>)
    1a46:	029a      	tcmp	r2, r3
    1a48:	c91e      	tjls.n	1a88 <custom_otaWrite+0x198>
    1a4a:	0818      	tloadr	r0, [pc, #96]	; (1aac <custom_otaWrite+0x1bc>)
    1a4c:	a100      	tmovs	r1, #0
    1a4e:	a280      	tmovs	r2, #128	; 0x80
    1a50:	f052      	tshftls	r2, r2, #1
    1a52:	9006 9c9d 	tjl	8390 <memset>
    1a56:	a200      	tmovs	r2, #0
    1a58:	0b13      	tloadr	r3, [pc, #76]	; (1aa8 <custom_otaWrite+0x1b8>)
    1a5a:	201a      	tstorerh	r2, [r3, #0]
    1a5c:	a016      	tmovs	r0, #22
    1a5e:	ec21      	tadds	r1, r4, #0
    1a60:	ec2a      	tadds	r2, r5, #0
    1a62:	900c 9ea3 	tjl	e7ac <bls_att_pushNotifyData>
    1a66:	8774      	tj.n	1952 <custom_otaWrite+0x62>
    1a68:	a03c      	tmovs	r0, #60	; 0x3c
    1a6a:	97fe 9b71 	tjl	150 <analog_read>
    1a6e:	a1fe      	tmovs	r1, #254	; 0xfe
    1a70:	0001      	tands	r1, r0
    1a72:	a03c      	tmovs	r0, #60	; 0x3c
    1a74:	97fe 9b8c 	tjl	190 <analog_write>
    1a78:	0b0f      	tloadr	r3, [pc, #60]	; (1ab8 <custom_otaWrite+0x1c8>)
    1a7a:	481a      	tloadrb	r2, [r3, #0]
    1a7c:	a200      	tmovs	r2, #0
    1a7e:	401a      	tstorerb	r2, [r3, #0]
    1a80:	a220      	tmovs	r2, #32
    1a82:	0b0e      	tloadr	r3, [pc, #56]	; (1abc <custom_otaWrite+0x1cc>)
    1a84:	401a      	tstorerb	r2, [r3, #0]
    1a86:	87fe      	tj.n	1a86 <custom_otaWrite+0x196>
    1a88:	97fe 9c0e 	tjl	2a8 <flash_erase_sector>
    1a8c:	87dd      	tj.n	1a4a <custom_otaWrite+0x15a>
    1a8e:	0c06      	tloadr	r4, [pc, #24]	; (1aa8 <custom_otaWrite+0x1b8>)
    1a90:	2821      	tloadrh	r1, [r4, #0]
    1a92:	0e06      	tloadr	r6, [pc, #24]	; (1aac <custom_otaWrite+0x1bc>)
    1a94:	ec32      	tadds	r2, r6, #0
    1a96:	97fe 9c27 	tjl	2e8 <flash_write_page>
    1a9a:	87c5      	tj.n	1a28 <custom_otaWrite+0x138>
    1a9c:	000124d0 	undefined instruction 0x000124d0
    1aa0:	c001ceed 	tandgt	ip, r1, sp, ror #29
    1aa4:	00848ed8 	undefined instruction 0x00848ed8
    1aa8:	00846460 	taddeq	r6, r4, r0, ror #8
    1aac:	00846360 	taddeq	r6, r4, r0, ror #6
    1ab0:	fffe0000 	undefined instruction 0xfffe0000
    1ab4:	0001feff 	undefined instruction 0x0001feff
    1ab8:	00800643 	taddeq	r0, r0, r3, asr #12
    1abc:	0080006f 	taddeq	r0, r0, pc, rrx

00001ac0 <init_led>:
init_led():
    1ac0:	6570      	tpush	{r4, r5, r6, lr}
    1ac2:	a080      	tmovs	r0, #128	; 0x80
    1ac4:	a101      	tmovs	r1, #1
    1ac6:	9007 9d2b 	tjl	9520 <gpio_setup_up_down_resistor>
    1aca:	0a24      	tloadr	r2, [pc, #144]	; (1b5c <init_led+0x9c>)
    1acc:	4811      	tloadrb	r1, [r2, #0]
    1ace:	a380      	tmovs	r3, #128	; 0x80
    1ad0:	025b      	tnegs	r3, r3
    1ad2:	030b      	tors	r3, r1
    1ad4:	f61b      	tshftls	r3, r3, #24
    1ad6:	fe1b      	tshftrs	r3, r3, #24
    1ad8:	4013      	tstorerb	r3, [r2, #0]
    1ada:	a080      	tmovs	r0, #128	; 0x80
    1adc:	a100      	tmovs	r1, #0
    1ade:	9007 9d01 	tjl	94e4 <gpio_set_func>
    1ae2:	0b1f      	tloadr	r3, [pc, #124]	; (1b60 <init_led+0xa0>)
    1ae4:	481a      	tloadrb	r2, [r3, #0]
    1ae6:	a17f      	tmovs	r1, #127	; 0x7f
    1ae8:	000a      	tands	r2, r1
    1aea:	401a      	tstorerb	r2, [r3, #0]
    1aec:	a080      	tmovs	r0, #128	; 0x80
    1aee:	a100      	tmovs	r1, #0
    1af0:	9007 98ca 	tjl	8c88 <gpio_set_input_en>
    1af4:	0e1b      	tloadr	r6, [pc, #108]	; (1b64 <init_led+0xa4>)
    1af6:	4832      	tloadrb	r2, [r6, #0]
    1af8:	a304      	tmovs	r3, #4
    1afa:	0313      	tors	r3, r2
    1afc:	f61b      	tshftls	r3, r3, #24
    1afe:	fe1b      	tshftrs	r3, r3, #24
    1b00:	4033      	tstorerb	r3, [r6, #0]
    1b02:	a4c1      	tmovs	r4, #193	; 0xc1
    1b04:	f0a4      	tshftls	r4, r4, #2
    1b06:	ec20      	tadds	r0, r4, #0
    1b08:	a101      	tmovs	r1, #1
    1b0a:	9007 9d09 	tjl	9520 <gpio_setup_up_down_resistor>
    1b0e:	ec20      	tadds	r0, r4, #0
    1b10:	a100      	tmovs	r1, #0
    1b12:	9007 9ce7 	tjl	94e4 <gpio_set_func>
    1b16:	0d14      	tloadr	r5, [pc, #80]	; (1b68 <init_led+0xa8>)
    1b18:	482b      	tloadrb	r3, [r5, #0]
    1b1a:	a204      	tmovs	r2, #4
    1b1c:	0393      	tbclrs	r3, r2
    1b1e:	402b      	tstorerb	r3, [r5, #0]
    1b20:	ec20      	tadds	r0, r4, #0
    1b22:	a100      	tmovs	r1, #0
    1b24:	9007 98b0 	tjl	8c88 <gpio_set_input_en>
    1b28:	a4c2      	tmovs	r4, #194	; 0xc2
    1b2a:	f0a4      	tshftls	r4, r4, #2
    1b2c:	ec20      	tadds	r0, r4, #0
    1b2e:	a101      	tmovs	r1, #1
    1b30:	9007 9cf6 	tjl	9520 <gpio_setup_up_down_resistor>
    1b34:	4832      	tloadrb	r2, [r6, #0]
    1b36:	a308      	tmovs	r3, #8
    1b38:	0313      	tors	r3, r2
    1b3a:	f61b      	tshftls	r3, r3, #24
    1b3c:	fe1b      	tshftrs	r3, r3, #24
    1b3e:	4033      	tstorerb	r3, [r6, #0]
    1b40:	ec20      	tadds	r0, r4, #0
    1b42:	a100      	tmovs	r1, #0
    1b44:	9007 9cce 	tjl	94e4 <gpio_set_func>
    1b48:	482b      	tloadrb	r3, [r5, #0]
    1b4a:	a208      	tmovs	r2, #8
    1b4c:	0393      	tbclrs	r3, r2
    1b4e:	402b      	tstorerb	r3, [r5, #0]
    1b50:	ec20      	tadds	r0, r4, #0
    1b52:	a100      	tmovs	r1, #0
    1b54:	9007 9898 	tjl	8c88 <gpio_set_input_en>
    1b58:	6d70      	tpop	{r4, r5, r6, pc}
    1b5a:	46c0      	tnop			; (mov r8, r8)
    1b5c:	00800583 	taddeq	r0, r0, r3, lsl #11
    1b60:	00800582 	taddeq	r0, r0, r2, lsl #11
    1b64:	0080059b 	umulleq	r0, r0, fp, r5
    1b68:	0080059a 	umulleq	r0, r0, sl, r5

00001b6c <set_led_color>:
set_led_color():
    1b6c:	f600      	tshftls	r0, r0, #24
    1b6e:	fe00      	tshftrs	r0, r0, #24
    1b70:	a802      	tcmp	r0, #2
    1b72:	c02d      	tjeq.n	1bd0 <set_led_color+0x64>
    1b74:	a803      	tcmp	r0, #3
    1b76:	c024      	tjeq.n	1bc2 <set_led_color+0x56>
    1b78:	a801      	tcmp	r0, #1
    1b7a:	c015      	tjeq.n	1ba8 <set_led_color+0x3c>
    1b7c:	0a1e      	tloadr	r2, [pc, #120]	; (1bf8 <set_led_color+0x8c>)
    1b7e:	4811      	tloadrb	r1, [r2, #0]
    1b80:	a380      	tmovs	r3, #128	; 0x80
    1b82:	025b      	tnegs	r3, r3
    1b84:	030b      	tors	r3, r1
    1b86:	f61b      	tshftls	r3, r3, #24
    1b88:	fe1b      	tshftrs	r3, r3, #24
    1b8a:	4013      	tstorerb	r3, [r2, #0]
    1b8c:	0b1b      	tloadr	r3, [pc, #108]	; (1bfc <set_led_color+0x90>)
    1b8e:	4819      	tloadrb	r1, [r3, #0]
    1b90:	a204      	tmovs	r2, #4
    1b92:	030a      	tors	r2, r1
    1b94:	f612      	tshftls	r2, r2, #24
    1b96:	fe12      	tshftrs	r2, r2, #24
    1b98:	401a      	tstorerb	r2, [r3, #0]
    1b9a:	4819      	tloadrb	r1, [r3, #0]
    1b9c:	a208      	tmovs	r2, #8
    1b9e:	030a      	tors	r2, r1
    1ba0:	f612      	tshftls	r2, r2, #24
    1ba2:	fe12      	tshftrs	r2, r2, #24
    1ba4:	401a      	tstorerb	r2, [r3, #0]
    1ba6:	0770      	tjex	lr
    1ba8:	0a13      	tloadr	r2, [pc, #76]	; (1bf8 <set_led_color+0x8c>)
    1baa:	4811      	tloadrb	r1, [r2, #0]
    1bac:	a380      	tmovs	r3, #128	; 0x80
    1bae:	025b      	tnegs	r3, r3
    1bb0:	030b      	tors	r3, r1
    1bb2:	f61b      	tshftls	r3, r3, #24
    1bb4:	fe1b      	tshftrs	r3, r3, #24
    1bb6:	4013      	tstorerb	r3, [r2, #0]
    1bb8:	0b10      	tloadr	r3, [pc, #64]	; (1bfc <set_led_color+0x90>)
    1bba:	481a      	tloadrb	r2, [r3, #0]
    1bbc:	a104      	tmovs	r1, #4
    1bbe:	038a      	tbclrs	r2, r1
    1bc0:	87ea      	tj.n	1b98 <set_led_color+0x2c>
    1bc2:	0b0d      	tloadr	r3, [pc, #52]	; (1bf8 <set_led_color+0x8c>)
    1bc4:	481a      	tloadrb	r2, [r3, #0]
    1bc6:	a17f      	tmovs	r1, #127	; 0x7f
    1bc8:	000a      	tands	r2, r1
    1bca:	401a      	tstorerb	r2, [r3, #0]
    1bcc:	b318      	tadds	r3, #24
    1bce:	87de      	tj.n	1b8e <set_led_color+0x22>
    1bd0:	0a09      	tloadr	r2, [pc, #36]	; (1bf8 <set_led_color+0x8c>)
    1bd2:	4811      	tloadrb	r1, [r2, #0]
    1bd4:	a380      	tmovs	r3, #128	; 0x80
    1bd6:	025b      	tnegs	r3, r3
    1bd8:	030b      	tors	r3, r1
    1bda:	f61b      	tshftls	r3, r3, #24
    1bdc:	fe1b      	tshftrs	r3, r3, #24
    1bde:	4013      	tstorerb	r3, [r2, #0]
    1be0:	0b06      	tloadr	r3, [pc, #24]	; (1bfc <set_led_color+0x90>)
    1be2:	4819      	tloadrb	r1, [r3, #0]
    1be4:	a204      	tmovs	r2, #4
    1be6:	030a      	tors	r2, r1
    1be8:	f612      	tshftls	r2, r2, #24
    1bea:	fe12      	tshftrs	r2, r2, #24
    1bec:	401a      	tstorerb	r2, [r3, #0]
    1bee:	481a      	tloadrb	r2, [r3, #0]
    1bf0:	a108      	tmovs	r1, #8
    1bf2:	038a      	tbclrs	r2, r1
    1bf4:	401a      	tstorerb	r2, [r3, #0]
    1bf6:	87d6      	tj.n	1ba6 <set_led_color+0x3a>
    1bf8:	00800583 	taddeq	r0, r0, r3, lsl #11
    1bfc:	0080059b 	umulleq	r0, r0, fp, r5

00001c00 <set_led_mask>:
set_led_mask():
    1c00:	a307      	tmovs	r3, #7
    1c02:	0018      	tands	r0, r3
    1c04:	0b1b      	tloadr	r3, [pc, #108]	; (1c74 <set_led_mask+0x74>)
    1c06:	4018      	tstorerb	r0, [r3, #0]
    1c08:	f7c1      	tshftls	r1, r0, #31
    1c0a:	c417      	tjmi.n	1c3c <set_led_mask+0x3c>
    1c0c:	0a1a      	tloadr	r2, [pc, #104]	; (1c78 <set_led_mask+0x78>)
    1c0e:	4810      	tloadrb	r0, [r2, #0]
    1c10:	a104      	tmovs	r1, #4
    1c12:	0301      	tors	r1, r0
    1c14:	f609      	tshftls	r1, r1, #24
    1c16:	fe09      	tshftrs	r1, r1, #24
    1c18:	4011      	tstorerb	r1, [r2, #0]
    1c1a:	481a      	tloadrb	r2, [r3, #0]
    1c1c:	f791      	tshftls	r1, r2, #30
    1c1e:	c515      	tjpl.n	1c4c <set_led_mask+0x4c>
    1c20:	0a15      	tloadr	r2, [pc, #84]	; (1c78 <set_led_mask+0x78>)
    1c22:	4811      	tloadrb	r1, [r2, #0]
    1c24:	a008      	tmovs	r0, #8
    1c26:	0381      	tbclrs	r1, r0
    1c28:	4011      	tstorerb	r1, [r2, #0]
    1c2a:	481b      	tloadrb	r3, [r3, #0]
    1c2c:	f75a      	tshftls	r2, r3, #29
    1c2e:	c517      	tjpl.n	1c60 <set_led_mask+0x60>
    1c30:	0b12      	tloadr	r3, [pc, #72]	; (1c7c <set_led_mask+0x7c>)
    1c32:	481a      	tloadrb	r2, [r3, #0]
    1c34:	a17f      	tmovs	r1, #127	; 0x7f
    1c36:	000a      	tands	r2, r1
    1c38:	401a      	tstorerb	r2, [r3, #0]
    1c3a:	0770      	tjex	lr
    1c3c:	0a0e      	tloadr	r2, [pc, #56]	; (1c78 <set_led_mask+0x78>)
    1c3e:	4811      	tloadrb	r1, [r2, #0]
    1c40:	a004      	tmovs	r0, #4
    1c42:	0381      	tbclrs	r1, r0
    1c44:	4011      	tstorerb	r1, [r2, #0]
    1c46:	481a      	tloadrb	r2, [r3, #0]
    1c48:	f791      	tshftls	r1, r2, #30
    1c4a:	c4e9      	tjmi.n	1c20 <set_led_mask+0x20>
    1c4c:	0a0a      	tloadr	r2, [pc, #40]	; (1c78 <set_led_mask+0x78>)
    1c4e:	4810      	tloadrb	r0, [r2, #0]
    1c50:	a108      	tmovs	r1, #8
    1c52:	0301      	tors	r1, r0
    1c54:	f609      	tshftls	r1, r1, #24
    1c56:	fe09      	tshftrs	r1, r1, #24
    1c58:	4011      	tstorerb	r1, [r2, #0]
    1c5a:	481b      	tloadrb	r3, [r3, #0]
    1c5c:	f75a      	tshftls	r2, r3, #29
    1c5e:	c4e7      	tjmi.n	1c30 <set_led_mask+0x30>
    1c60:	0a06      	tloadr	r2, [pc, #24]	; (1c7c <set_led_mask+0x7c>)
    1c62:	4811      	tloadrb	r1, [r2, #0]
    1c64:	a380      	tmovs	r3, #128	; 0x80
    1c66:	025b      	tnegs	r3, r3
    1c68:	030b      	tors	r3, r1
    1c6a:	f61b      	tshftls	r3, r3, #24
    1c6c:	fe1b      	tshftrs	r3, r3, #24
    1c6e:	4013      	tstorerb	r3, [r2, #0]
    1c70:	87e3      	tj.n	1c3a <set_led_mask+0x3a>
    1c72:	46c0      	tnop			; (mov r8, r8)
    1c74:	00846478 	taddeq	r6, r4, r8, ror r4
    1c78:	0080059b 	umulleq	r0, r0, fp, r5
    1c7c:	00800583 	taddeq	r0, r0, r3, lsl #11

00001c80 <get_led_mask>:
get_led_mask():
    1c80:	0b01      	tloadr	r3, [pc, #4]	; (1c88 <get_led_mask+0x8>)
    1c82:	4818      	tloadrb	r0, [r3, #0]
    1c84:	0770      	tjex	lr
    1c86:	46c0      	tnop			; (mov r8, r8)
    1c88:	00846478 	taddeq	r6, r4, r8, ror r4

00001c8c <irq_handler>:
irq_handler():
    1c8c:	6500      	tpush	{lr}
    1c8e:	9000 9e8b 	tjl	29a8 <irq_blt_sdk_handler>
    1c92:	6d00      	tpop	{pc}

00001c94 <main>:
main():
    1c94:	6530      	tpush	{r4, r5, lr}
    1c96:	0a1e      	tloadr	r2, [pc, #120]	; (1d10 <main+0x7c>)
    1c98:	0b1e      	tloadr	r3, [pc, #120]	; (1d14 <main+0x80>)
    1c9a:	501a      	tstorer	r2, [r3, #0]
    1c9c:	0a1e      	tloadr	r2, [pc, #120]	; (1d18 <main+0x84>)
    1c9e:	0b1f      	tloadr	r3, [pc, #124]	; (1d1c <main+0x88>)
    1ca0:	501a      	tstorer	r2, [r3, #0]
    1ca2:	0d1f      	tloadr	r5, [pc, #124]	; (1d20 <main+0x8c>)
    1ca4:	a301      	tmovs	r3, #1
    1ca6:	40ab      	tstorerb	r3, [r5, #2]
    1ca8:	9000 98ee 	tjl	1e88 <cpu_wakeup_init>
    1cac:	0b1d      	tloadr	r3, [pc, #116]	; (1d24 <main+0x90>)
    1cae:	481c      	tloadrb	r4, [r3, #0]
    1cb0:	a002      	tmovs	r0, #2
    1cb2:	9000 9c29 	tjl	2508 <rf_drv_init>
    1cb6:	0260      	tnegs	r0, r4
    1cb8:	0160      	taddcs	r0, r4
    1cba:	9006 9f71 	tjl	8ba0 <gpio_init>
    1cbe:	a042      	tmovs	r0, #66	; 0x42
    1cc0:	97fe 9a86 	tjl	1d0 <clock_init>
    1cc4:	482b      	tloadrb	r3, [r5, #0]
    1cc6:	ab00      	tcmp	r3, #0
    1cc8:	c107      	tjne.n	1cda <main+0x46>
    1cca:	a3ee      	tmovs	r3, #238	; 0xee
    1ccc:	f2db      	tshftls	r3, r3, #11
    1cce:	4819      	tloadrb	r1, [r3, #0]
    1cd0:	a9ff      	tcmp	r1, #255	; 0xff
    1cd2:	c002      	tjeq.n	1cda <main+0x46>
    1cd4:	a08a      	tmovs	r0, #138	; 0x8a
    1cd6:	97fe 9a5b 	tjl	190 <analog_write>
    1cda:	97ff 9ef1 	tjl	1ac0 <init_led>
    1cde:	9008 9adb 	tjl	a298 <init_uart>
    1ce2:	9007 9f3b 	tjl	9b5c <init_i2c>
    1ce6:	ac00      	tcmp	r4, #0
    1ce8:	c00b      	tjeq.n	1d02 <main+0x6e>
    1cea:	97fe 9c83 	tjl	5f4 <user_init_deepRetn>
    1cee:	080e      	tloadr	r0, [pc, #56]	; (1d28 <main+0x94>)
    1cf0:	9006 9afc 	tjl	82ec <u_printf>
    1cf4:	0b0d      	tloadr	r3, [pc, #52]	; (1d2c <main+0x98>)
    1cf6:	481a      	tloadrb	r2, [r3, #0]
    1cf8:	a201      	tmovs	r2, #1
    1cfa:	401a      	tstorerb	r2, [r3, #0]
    1cfc:	97fe 9c84 	tjl	608 <main_loop>
    1d00:	87fc      	tj.n	1cfc <main+0x68>
    1d02:	0809      	tloadr	r0, [pc, #36]	; (1d28 <main+0x94>)
    1d04:	9006 9af2 	tjl	82ec <u_printf>
    1d08:	97fe 9c6a 	tjl	5e0 <user_init_normal>
    1d0c:	87f2      	tj.n	1cf4 <main+0x60>
    1d0e:	46c0      	tnop			; (mov r8, r8)
    1d10:	00001fd9 	undefined instruction 0x00001fd9
    1d14:	0084c514 	taddeq	ip, r4, r4, lsl r5
    1d18:	00002449 	tandeq	r2, r0, r9, asr #8
    1d1c:	0084c510 	taddeq	ip, r4, r0, lsl r5
    1d20:	00846480 	taddeq	r6, r4, r0, lsl #9
    1d24:	0084c50c 	taddeq	ip, r4, ip, lsl #10
    1d28:	00018d48 	tandeq	r8, r1, r8, asr #26
    1d2c:	00800643 	taddeq	r0, r0, r3, asr #12

00001d30 <sleep_start>:
sleep_start():
    1d30:	65f0      	tpush	{r4, r5, r6, r7, lr}
    1d32:	0647      	tmov	r7, r8
    1d34:	6480      	tpush	{r7}
    1d36:	6081      	tsub	sp, #4
    1d38:	a034      	tmovs	r0, #52	; 0x34
    1d3a:	a187      	tmovs	r1, #135	; 0x87
    1d3c:	97fe 9a28 	tjl	190 <analog_write>
    1d40:	a300      	tmovs	r3, #0
    1d42:	0a22      	tloadr	r2, [pc, #136]	; (1dcc <sleep_start+0x9c>)
    1d44:	4013      	tstorerb	r3, [r2, #0]
    1d46:	a1b9      	tmovs	r1, #185	; 0xb9
    1d48:	ba01      	tsubs	r2, #1
    1d4a:	4011      	tstorerb	r1, [r2, #0]
    1d4c:	3300      	tstorer	r3, [sp, #0]
    1d4e:	3b00      	tloadr	r3, [sp, #0]
    1d50:	ab01      	tcmp	r3, #1
    1d52:	c805      	tjhi.n	1d60 <sleep_start+0x30>
    1d54:	3b00      	tloadr	r3, [sp, #0]
    1d56:	b301      	tadds	r3, #1
    1d58:	3300      	tstorer	r3, [sp, #0]
    1d5a:	3b00      	tloadr	r3, [sp, #0]
    1d5c:	ab01      	tcmp	r3, #1
    1d5e:	c9f9      	tjls.n	1d54 <sleep_start+0x24>
    1d60:	0f1a      	tloadr	r7, [pc, #104]	; (1dcc <sleep_start+0x9c>)
    1d62:	a301      	tmovs	r3, #1
    1d64:	403b      	tstorerb	r3, [r7, #0]
    1d66:	0e1a      	tloadr	r6, [pc, #104]	; (1dd0 <sleep_start+0xa0>)
    1d68:	a400      	tmovs	r4, #0
    1d6a:	4034      	tstorerb	r4, [r6, #0]
    1d6c:	a082      	tmovs	r0, #130	; 0x82
    1d6e:	a10c      	tmovs	r1, #12
    1d70:	97fe 9a0e 	tjl	190 <analog_write>
    1d74:	0b17      	tloadr	r3, [pc, #92]	; (1dd4 <sleep_start+0xa4>)
    1d76:	481d      	tloadrb	r5, [r3, #0]
    1d78:	f22d      	tshftls	r5, r5, #8
    1d7a:	0b17      	tloadr	r3, [pc, #92]	; (1dd8 <sleep_start+0xa8>)
    1d7c:	e8ed      	tadds	r5, r5, r3
    1d7e:	582b      	tloadr	r3, [r5, #0]
    1d80:	0698      	tmov	r8, r3
    1d82:	0b16      	tloadr	r3, [pc, #88]	; (1ddc <sleep_start+0xac>)
    1d84:	502b      	tstorer	r3, [r5, #0]
    1d86:	97fe 994b 	tjl	20 <start_suspend>
    1d8a:	0643      	tmov	r3, r8
    1d8c:	502b      	tstorer	r3, [r5, #0]
    1d8e:	a082      	tmovs	r0, #130	; 0x82
    1d90:	a164      	tmovs	r1, #100	; 0x64
    1d92:	97fe 99fd 	tjl	190 <analog_write>
    1d96:	a30f      	tmovs	r3, #15
    1d98:	4033      	tstorerb	r3, [r6, #0]
    1d9a:	403c      	tstorerb	r4, [r7, #0]
    1d9c:	a2ab      	tmovs	r2, #171	; 0xab
    1d9e:	0b10      	tloadr	r3, [pc, #64]	; (1de0 <sleep_start+0xb0>)
    1da0:	401a      	tstorerb	r2, [r3, #0]
    1da2:	3400      	tstorer	r4, [sp, #0]
    1da4:	3b00      	tloadr	r3, [sp, #0]
    1da6:	ab01      	tcmp	r3, #1
    1da8:	c805      	tjhi.n	1db6 <sleep_start+0x86>
    1daa:	3b00      	tloadr	r3, [sp, #0]
    1dac:	b301      	tadds	r3, #1
    1dae:	3300      	tstorer	r3, [sp, #0]
    1db0:	3b00      	tloadr	r3, [sp, #0]
    1db2:	ab01      	tcmp	r3, #1
    1db4:	c9f9      	tjls.n	1daa <sleep_start+0x7a>
    1db6:	a201      	tmovs	r2, #1
    1db8:	0b04      	tloadr	r3, [pc, #16]	; (1dcc <sleep_start+0x9c>)
    1dba:	401a      	tstorerb	r2, [r3, #0]
    1dbc:	a034      	tmovs	r0, #52	; 0x34
    1dbe:	a180      	tmovs	r1, #128	; 0x80
    1dc0:	97fe 99e6 	tjl	190 <analog_write>
    1dc4:	6001      	tadd	sp, #4
    1dc6:	6c04      	tpop	{r2}
    1dc8:	0690      	tmov	r8, r2
    1dca:	6df0      	tpop	{r4, r5, r6, r7, pc}
    1dcc:	0080000d 	taddeq	r0, r0, sp
    1dd0:	008005a1 	taddeq	r0, r0, r1, lsr #11
    1dd4:	0080060d 	taddeq	r0, r0, sp, lsl #12
    1dd8:	00840058 	taddeq	r0, r4, r8, asr r0
    1ddc:	06c006c0 	tstorerbeq	r0, [r0], r0, asr #13
    1de0:	0080000c 	taddeq	r0, r0, ip

00001de4 <start_reboot>:
start_reboot():
    1de4:	6500      	tpush	{lr}
    1de6:	0b0b      	tloadr	r3, [pc, #44]	; (1e14 <start_reboot+0x30>)
    1de8:	495b      	tloadrb	r3, [r3, #5]
    1dea:	ab00      	tcmp	r3, #0
    1dec:	c108      	tjne.n	1e00 <start_reboot+0x1c>
    1dee:	900b 9cd9 	tjl	d7a4 <irq_disable>
    1df2:	0809      	tloadr	r0, [pc, #36]	; (1e18 <start_reboot+0x34>)
    1df4:	97fe 9ae2 	tjl	3bc <sleep_us>
    1df8:	a220      	tmovs	r2, #32
    1dfa:	0b08      	tloadr	r3, [pc, #32]	; (1e1c <start_reboot+0x38>)
    1dfc:	401a      	tstorerb	r2, [r3, #0]
    1dfe:	87fe      	tj.n	1dfe <start_reboot+0x1a>
    1e00:	a03c      	tmovs	r0, #60	; 0x3c
    1e02:	97fe 99a5 	tjl	150 <analog_read>
    1e06:	a1fe      	tmovs	r1, #254	; 0xfe
    1e08:	0001      	tands	r1, r0
    1e0a:	a03c      	tmovs	r0, #60	; 0x3c
    1e0c:	97fe 99c0 	tjl	190 <analog_write>
    1e10:	87ed      	tj.n	1dee <start_reboot+0xa>
    1e12:	46c0      	tnop			; (mov r8, r8)
    1e14:	0084647c 	taddeq	r6, r4, ip, ror r4
    1e18:	000032c8 	tandeq	r3, r0, r8, asr #5
    1e1c:	0080006f 	taddeq	r0, r0, pc, rrx

00001e20 <cpu_get_32k_tick>:
cpu_get_32k_tick():
    1e20:	65f0      	tpush	{r4, r5, r6, r7, lr}
    1e22:	a228      	tmovs	r2, #40	; 0x28
    1e24:	0b15      	tloadr	r3, [pc, #84]	; (1e7c <cpu_get_32k_tick+0x5c>)
    1e26:	401a      	tstorerb	r2, [r3, #0]
    1e28:	a400      	tmovs	r4, #0
    1e2a:	a500      	tmovs	r5, #0
    1e2c:	0a14      	tloadr	r2, [pc, #80]	; (1e80 <cpu_get_32k_tick+0x60>)
    1e2e:	a108      	tmovs	r1, #8
    1e30:	a708      	tmovs	r7, #8
    1e32:	0e14      	tloadr	r6, [pc, #80]	; (1e84 <cpu_get_32k_tick+0x64>)
    1e34:	4017      	tstorerb	r7, [r2, #0]
    1e36:	06c0      	tmov	r8, r8
    1e38:	06c0      	tmov	r8, r8
    1e3a:	06c0      	tmov	r8, r8
    1e3c:	06c0      	tmov	r8, r8
    1e3e:	06c0      	tmov	r8, r8
    1e40:	06c0      	tmov	r8, r8
    1e42:	06c0      	tmov	r8, r8
    1e44:	06c0      	tmov	r8, r8
    1e46:	06c0      	tmov	r8, r8
    1e48:	06c0      	tmov	r8, r8
    1e4a:	06c0      	tmov	r8, r8
    1e4c:	06c0      	tmov	r8, r8
    1e4e:	06c0      	tmov	r8, r8
    1e50:	06c0      	tmov	r8, r8
    1e52:	06c0      	tmov	r8, r8
    1e54:	06c0      	tmov	r8, r8
    1e56:	4813      	tloadrb	r3, [r2, #0]
    1e58:	0219      	tnand	r1, r3
    1e5a:	c1fc      	tjne.n	1e56 <cpu_get_32k_tick+0x36>
    1e5c:	5830      	tloadr	r0, [r6, #0]
    1e5e:	ac00      	tcmp	r4, #0
    1e60:	c006      	tjeq.n	1e70 <cpu_get_32k_tick+0x50>
    1e62:	eb43      	tsubs	r3, r0, r5
    1e64:	ab01      	tcmp	r3, #1
    1e66:	c907      	tjls.n	1e78 <cpu_get_32k_tick+0x58>
    1e68:	ec2b      	tadds	r3, r5, #0
    1e6a:	0043      	txors	r3, r0
    1e6c:	ab01      	tcmp	r3, #1
    1e6e:	c002      	tjeq.n	1e76 <cpu_get_32k_tick+0x56>
    1e70:	b401      	tadds	r4, #1
    1e72:	ec05      	tadds	r5, r0, #0
    1e74:	87de      	tj.n	1e34 <cpu_get_32k_tick+0x14>
    1e76:	ec28      	tadds	r0, r5, #0
    1e78:	6df0      	tpop	{r4, r5, r6, r7, pc}
    1e7a:	46c0      	tnop			; (mov r8, r8)
    1e7c:	0080074c 	taddeq	r0, r0, ip, asr #14
    1e80:	0080074f 	taddeq	r0, r0, pc, asr #14
    1e84:	00800754 	taddeq	r0, r0, r4, asr r7

00001e88 <cpu_wakeup_init>:
cpu_wakeup_init():
    1e88:	6510      	tpush	{r4, lr}
    1e8a:	a300      	tmovs	r3, #0
    1e8c:	0a44      	tloadr	r2, [pc, #272]	; (1fa0 <cpu_wakeup_init+0x118>)
    1e8e:	4013      	tstorerb	r3, [r2, #0]
    1e90:	b201      	tadds	r2, #1
    1e92:	4013      	tstorerb	r3, [r2, #0]
    1e94:	b201      	tadds	r2, #1
    1e96:	4013      	tstorerb	r3, [r2, #0]
    1e98:	a3ff      	tmovs	r3, #255	; 0xff
    1e9a:	b201      	tadds	r2, #1
    1e9c:	4013      	tstorerb	r3, [r2, #0]
    1e9e:	b201      	tadds	r2, #1
    1ea0:	4013      	tstorerb	r3, [r2, #0]
    1ea2:	b201      	tadds	r2, #1
    1ea4:	4013      	tstorerb	r3, [r2, #0]
    1ea6:	a082      	tmovs	r0, #130	; 0x82
    1ea8:	a164      	tmovs	r1, #100	; 0x64
    1eaa:	97fe 9971 	tjl	190 <analog_write>
    1eae:	a034      	tmovs	r0, #52	; 0x34
    1eb0:	a180      	tmovs	r1, #128	; 0x80
    1eb2:	97fe 996d 	tjl	190 <analog_write>
    1eb6:	a00b      	tmovs	r0, #11
    1eb8:	a138      	tmovs	r1, #56	; 0x38
    1eba:	97fe 9969 	tjl	190 <analog_write>
    1ebe:	a08c      	tmovs	r0, #140	; 0x8c
    1ec0:	a102      	tmovs	r1, #2
    1ec2:	97fe 9965 	tjl	190 <analog_write>
    1ec6:	a002      	tmovs	r0, #2
    1ec8:	a1a2      	tmovs	r1, #162	; 0xa2
    1eca:	97fe 9961 	tjl	190 <analog_write>
    1ece:	a027      	tmovs	r0, #39	; 0x27
    1ed0:	a100      	tmovs	r1, #0
    1ed2:	97fe 995d 	tjl	190 <analog_write>
    1ed6:	a028      	tmovs	r0, #40	; 0x28
    1ed8:	a100      	tmovs	r1, #0
    1eda:	97fe 9959 	tjl	190 <analog_write>
    1ede:	a029      	tmovs	r0, #41	; 0x29
    1ee0:	a100      	tmovs	r1, #0
    1ee2:	97fe 9955 	tjl	190 <analog_write>
    1ee6:	a02a      	tmovs	r0, #42	; 0x2a
    1ee8:	a100      	tmovs	r1, #0
    1eea:	97fe 9951 	tjl	190 <analog_write>
    1eee:	0b2d      	tloadr	r3, [pc, #180]	; (1fa4 <cpu_wakeup_init+0x11c>)
    1ef0:	0a2d      	tloadr	r2, [pc, #180]	; (1fa8 <cpu_wakeup_init+0x120>)
    1ef2:	5013      	tstorer	r3, [r2, #0]
    1ef4:	b204      	tadds	r2, #4
    1ef6:	5013      	tstorer	r3, [r2, #0]
    1ef8:	a204      	tmovs	r2, #4
    1efa:	0b2c      	tloadr	r3, [pc, #176]	; (1fac <cpu_wakeup_init+0x124>)
    1efc:	401a      	tstorerb	r2, [r3, #0]
    1efe:	a3fa      	tmovs	r3, #250	; 0xfa
    1f00:	f15b      	tshftls	r3, r3, #5
    1f02:	0a2b      	tloadr	r2, [pc, #172]	; (1fb0 <cpu_wakeup_init+0x128>)
    1f04:	2013      	tstorerh	r3, [r2, #0]
    1f06:	0b2b      	tloadr	r3, [pc, #172]	; (1fb4 <cpu_wakeup_init+0x12c>)
    1f08:	481b      	tloadrb	r3, [r3, #0]
    1f0a:	ab01      	tcmp	r3, #1
    1f0c:	c03f      	tjeq.n	1f8e <cpu_wakeup_init+0x106>
    1f0e:	a001      	tmovs	r0, #1
    1f10:	a14c      	tmovs	r1, #76	; 0x4c
    1f12:	97fe 993d 	tjl	190 <analog_write>
    1f16:	a07f      	tmovs	r0, #127	; 0x7f
    1f18:	97fe 991a 	tjl	150 <analog_read>
    1f1c:	a301      	tmovs	r3, #1
    1f1e:	0203      	tnand	r3, r0
    1f20:	c129      	tjne.n	1f76 <cpu_wakeup_init+0xee>
    1f22:	0c25      	tloadr	r4, [pc, #148]	; (1fb8 <cpu_wakeup_init+0x130>)
    1f24:	4023      	tstorerb	r3, [r4, #0]
    1f26:	a044      	tmovs	r0, #68	; 0x44
    1f28:	97fe 9912 	tjl	150 <analog_read>
    1f2c:	40a0      	tstorerb	r0, [r4, #2]
    1f2e:	a044      	tmovs	r0, #68	; 0x44
    1f30:	97fe 990e 	tjl	150 <analog_read>
    1f34:	a30a      	tmovs	r3, #10
    1f36:	0018      	tands	r0, r3
    1f38:	a808      	tcmp	r0, #8
    1f3a:	c02d      	tjeq.n	1f98 <cpu_wakeup_init+0x110>
    1f3c:	97ff 9f70 	tjl	1e20 <cpu_get_32k_tick>
    1f40:	0b1e      	tloadr	r3, [pc, #120]	; (1fbc <cpu_wakeup_init+0x134>)
    1f42:	581b      	tloadr	r3, [r3, #0]
    1f44:	9000 9846 	tjl	1fd4 <cpu_wakeup_init+0x14c>
    1f48:	0b1d      	tloadr	r3, [pc, #116]	; (1fc0 <cpu_wakeup_init+0x138>)
    1f4a:	5018      	tstorer	r0, [r3, #0]
    1f4c:	b30c      	tadds	r3, #12
    1f4e:	a200      	tmovs	r2, #0
    1f50:	401a      	tstorerb	r2, [r3, #0]
    1f52:	a292      	tmovs	r2, #146	; 0x92
    1f54:	401a      	tstorerb	r2, [r3, #0]
    1f56:	a201      	tmovs	r2, #1
    1f58:	b303      	tadds	r3, #3
    1f5a:	401a      	tstorerb	r2, [r3, #0]
    1f5c:	a300      	tmovs	r3, #0
    1f5e:	0a19      	tloadr	r2, [pc, #100]	; (1fc4 <cpu_wakeup_init+0x13c>)
    1f60:	4013      	tstorerb	r3, [r2, #0]
    1f62:	b201      	tadds	r2, #1
    1f64:	4013      	tstorerb	r3, [r2, #0]
    1f66:	0b18      	tloadr	r3, [pc, #96]	; (1fc8 <cpu_wakeup_init+0x140>)
    1f68:	4819      	tloadrb	r1, [r3, #0]
    1f6a:	a20c      	tmovs	r2, #12
    1f6c:	030a      	tors	r2, r1
    1f6e:	f612      	tshftls	r2, r2, #24
    1f70:	fe12      	tshftrs	r2, r2, #24
    1f72:	401a      	tstorerb	r2, [r3, #0]
    1f74:	6d10      	tpop	{r4, pc}
    1f76:	0c10      	tloadr	r4, [pc, #64]	; (1fb8 <cpu_wakeup_init+0x130>)
    1f78:	4821      	tloadrb	r1, [r4, #0]
    1f7a:	a900      	tcmp	r1, #0
    1f7c:	c1d3      	tjne.n	1f26 <cpu_wakeup_init+0x9e>
    1f7e:	0a13      	tloadr	r2, [pc, #76]	; (1fcc <cpu_wakeup_init+0x144>)
    1f80:	4093      	tstorerb	r3, [r2, #2]
    1f82:	40d1      	tstorerb	r1, [r2, #3]
    1f84:	0a12      	tloadr	r2, [pc, #72]	; (1fd0 <cpu_wakeup_init+0x148>)
    1f86:	4013      	tstorerb	r3, [r2, #0]
    1f88:	900b 9c8a 	tjl	d8a0 <cpu_wakeup_no_deepretn_back_init>
    1f8c:	87e6      	tj.n	1f5c <cpu_wakeup_init+0xd4>
    1f8e:	a001      	tmovs	r0, #1
    1f90:	a13c      	tmovs	r1, #60	; 0x3c
    1f92:	97fe 98fd 	tjl	190 <analog_write>
    1f96:	87be      	tj.n	1f16 <cpu_wakeup_init+0x8e>
    1f98:	a301      	tmovs	r3, #1
    1f9a:	4063      	tstorerb	r3, [r4, #1]
    1f9c:	87ce      	tj.n	1f3c <cpu_wakeup_init+0xb4>
    1f9e:	46c0      	tnop			; (mov r8, r8)
    1fa0:	00800060 	taddeq	r0, r0, r0, rrx
    1fa4:	04040404 	tstorereq	r0, [r4], #-1028	; 0x404
    1fa8:	00800c40 	taddeq	r0, r0, r0, asr #24
    1fac:	00800c48 	taddeq	r0, r0, r8, asr #24
    1fb0:	00800750 	taddeq	r0, r0, r0, asr r7
    1fb4:	0080007d 	taddeq	r0, r0, sp, ror r0
    1fb8:	0084c50c 	taddeq	ip, r4, ip, lsl #10
    1fbc:	0084c510 	taddeq	ip, r4, r0, lsl r5
    1fc0:	00800740 	taddeq	r0, r0, r0, asr #14
    1fc4:	00800c20 	taddeq	r0, r0, r0, lsr #24
    1fc8:	008005b5 	undefined instruction 0x008005b5
    1fcc:	00843e80 	taddeq	r3, r4, r0, lsl #29
    1fd0:	0080074f 	taddeq	r0, r0, pc, asr #14
    1fd4:	0718      	tjex	r3
    1fd6:	46c0      	tnop			; (mov r8, r8)

00001fd8 <cpu_sleep_wakeup_32k_rc>:
cpu_sleep_wakeup_32k_rc():
    1fd8:	65f0      	tpush	{r4, r5, r6, r7, lr}
    1fda:	065f      	tmov	r7, fp
    1fdc:	0656      	tmov	r6, sl
    1fde:	064d      	tmov	r5, r9
    1fe0:	0644      	tmov	r4, r8
    1fe2:	64f0      	tpush	{r4, r5, r6, r7}
    1fe4:	6087      	tsub	sp, #28
    1fe6:	0690      	tmov	r8, r2
    1fe8:	f600      	tshftls	r0, r0, #24
    1fea:	fe00      	tshftrs	r0, r0, #24
    1fec:	0683      	tmov	fp, r0
    1fee:	f409      	tshftls	r1, r1, #16
    1ff0:	fc09      	tshftrs	r1, r1, #16
    1ff2:	068a      	tmov	sl, r1
    1ff4:	a340      	tmovs	r3, #64	; 0x40
    1ff6:	0aca      	tloadr	r2, [pc, #808]	; (2320 <cpu_sleep_wakeup_32k_rc+0x348>)
    1ff8:	2812      	tloadrh	r2, [r2, #0]
    1ffa:	0691      	tmov	r9, r2
    1ffc:	0cc9      	tloadr	r4, [pc, #804]	; (2324 <cpu_sleep_wakeup_32k_rc+0x34c>)
    1ffe:	2022      	tstorerh	r2, [r4, #0]
    2000:	0ec9      	tloadr	r6, [pc, #804]	; (2328 <cpu_sleep_wakeup_32k_rc+0x350>)
    2002:	5835      	tloadr	r5, [r6, #0]
    2004:	0652      	tmov	r2, sl
    2006:	001a      	tands	r2, r3
    2008:	3201      	tstorer	r2, [sp, #4]
    200a:	c00f      	tjeq.n	202c <cpu_sleep_wakeup_32k_rc+0x54>
    200c:	0643      	tmov	r3, r8
    200e:	eb5d      	tsubs	r5, r3, r5
    2010:	a3e0      	tmovs	r3, #224	; 0xe0
    2012:	f61b      	tshftls	r3, r3, #24
    2014:	029d      	tcmp	r5, r3
    2016:	c900      	tjls.n	201a <cpu_sleep_wakeup_32k_rc+0x42>
    2018:	815e      	tj.n	22d8 <cpu_sleep_wakeup_32k_rc+0x300>
    201a:	0bc4      	tloadr	r3, [pc, #784]	; (232c <cpu_sleep_wakeup_32k_rc+0x354>)
    201c:	029d      	tcmp	r5, r3
    201e:	c800      	tjhi.n	2022 <cpu_sleep_wakeup_32k_rc+0x4a>
    2020:	819e      	tj.n	2360 <cpu_sleep_wakeup_32k_rc+0x388>
    2022:	a3ff      	tmovs	r3, #255	; 0xff
    2024:	f51b      	tshftls	r3, r3, #20
    2026:	029d      	tcmp	r5, r3
    2028:	c900      	tjls.n	202c <cpu_sleep_wakeup_32k_rc+0x54>
    202a:	8151      	tj.n	22d0 <cpu_sleep_wakeup_32k_rc+0x2f8>
    202c:	0dc0      	tloadr	r5, [pc, #768]	; (2330 <cpu_sleep_wakeup_32k_rc+0x358>)
    202e:	482b      	tloadrb	r3, [r5, #0]
    2030:	3300      	tstorer	r3, [sp, #0]
    2032:	a300      	tmovs	r3, #0
    2034:	402b      	tstorerb	r3, [r5, #0]
    2036:	0bbf      	tloadr	r3, [pc, #764]	; (2334 <cpu_sleep_wakeup_32k_rc+0x35c>)
    2038:	581b      	tloadr	r3, [r3, #0]
    203a:	ab00      	tcmp	r3, #0
    203c:	c00e      	tjeq.n	205c <cpu_sleep_wakeup_32k_rc+0x84>
    203e:	9000 9a01 	tjl	2444 <cpu_sleep_wakeup_32k_rc+0x46c>
    2042:	a800      	tcmp	r0, #0
    2044:	c10a      	tjne.n	205c <cpu_sleep_wakeup_32k_rc+0x84>
    2046:	0669      	tmov	r1, sp
    2048:	4809      	tloadrb	r1, [r1, #0]
    204a:	4029      	tstorerb	r1, [r5, #0]
    204c:	a008      	tmovs	r0, #8
    204e:	6007      	tadd	sp, #28
    2050:	6c3c      	tpop	{r2, r3, r4, r5}
    2052:	0690      	tmov	r8, r2
    2054:	0699      	tmov	r9, r3
    2056:	06a2      	tmov	sl, r4
    2058:	06ab      	tmov	fp, r5
    205a:	6df0      	tpop	{r4, r5, r6, r7, pc}
    205c:	0bb2      	tloadr	r3, [pc, #712]	; (2328 <cpu_sleep_wakeup_32k_rc+0x350>)
    205e:	581b      	tloadr	r3, [r3, #0]
    2060:	0eb5      	tloadr	r6, [pc, #724]	; (2338 <cpu_sleep_wakeup_32k_rc+0x360>)
    2062:	a28c      	tmovs	r2, #140	; 0x8c
    2064:	f092      	tshftls	r2, r2, #2
    2066:	e89b      	tadds	r3, r3, r2
    2068:	5033      	tstorer	r3, [r6, #0]
    206a:	97ff 9ed9 	tjl	1e20 <cpu_get_32k_tick>
    206e:	0fb3      	tloadr	r7, [pc, #716]	; (233c <cpu_sleep_wakeup_32k_rc+0x364>)
    2070:	5038      	tstorer	r0, [r7, #0]
    2072:	0db3      	tloadr	r5, [pc, #716]	; (2340 <cpu_sleep_wakeup_32k_rc+0x368>)
    2074:	a300      	tmovs	r3, #0
    2076:	50ab      	tstorer	r3, [r5, #8]
    2078:	0653      	tmov	r3, sl
    207a:	f45b      	tshftls	r3, r3, #17
    207c:	c500      	tjpl.n	2080 <cpu_sleep_wakeup_32k_rc+0xa8>
    207e:	8123      	tj.n	22c8 <cpu_sleep_wakeup_32k_rc+0x2f0>
    2080:	0651      	tmov	r1, sl
    2082:	f409      	tshftls	r1, r1, #16
    2084:	3104      	tstorer	r1, [sp, #16]
    2086:	a900      	tcmp	r1, #0
    2088:	ca00      	tjge.n	208c <cpu_sleep_wakeup_32k_rc+0xb4>
    208a:	81aa      	tj.n	23e2 <cpu_sleep_wakeup_32k_rc+0x40a>
    208c:	a200      	tmovs	r2, #0
    208e:	0593      	tcmp	fp, r2
    2090:	c000      	tjeq.n	2094 <cpu_sleep_wakeup_32k_rc+0xbc>
    2092:	80e6      	tj.n	2262 <cpu_sleep_wakeup_32k_rc+0x28a>
    2094:	0bab      	tloadr	r3, [pc, #684]	; (2344 <cpu_sleep_wakeup_32k_rc+0x36c>)
    2096:	ec19      	tadds	r1, r3, #0
    2098:	0441      	tadd	r1, r8
    209a:	3105      	tstorer	r1, [sp, #20]
    209c:	0652      	tmov	r2, sl
    209e:	f611      	tshftls	r1, r2, #24
    20a0:	fe09      	tshftrs	r1, r1, #24
    20a2:	a026      	tmovs	r0, #38	; 0x26
    20a4:	97fe 9874 	tjl	190 <analog_write>
    20a8:	a044      	tmovs	r0, #68	; 0x44
    20aa:	a10f      	tmovs	r1, #15
    20ac:	97fe 9870 	tjl	190 <analog_write>
    20b0:	0ba5      	tloadr	r3, [pc, #660]	; (2348 <cpu_sleep_wakeup_32k_rc+0x370>)
    20b2:	481a      	tloadrb	r2, [r3, #0]
    20b4:	3206      	tstorer	r2, [sp, #24]
    20b6:	0659      	tmov	r1, fp
    20b8:	4019      	tstorerb	r1, [r3, #0]
    20ba:	a004      	tmovs	r0, #4
    20bc:	a148      	tmovs	r1, #72	; 0x48
    20be:	97fe 9867 	tjl	190 <analog_write>
    20c2:	a07e      	tmovs	r0, #126	; 0x7e
    20c4:	a100      	tmovs	r1, #0
    20c6:	97fe 9863 	tjl	190 <analog_write>
    20ca:	a204      	tmovs	r2, #4
    20cc:	3203      	tstorer	r2, [sp, #12]
    20ce:	a39e      	tmovs	r3, #158	; 0x9e
    20d0:	069a      	tmov	sl, r3
    20d2:	a100      	tmovs	r1, #0
    20d4:	3102      	tstorer	r1, [sp, #8]
    20d6:	a15e      	tmovs	r1, #94	; 0x5e
    20d8:	a02b      	tmovs	r0, #43	; 0x2b
    20da:	97fe 9859 	tjl	190 <analog_write>
    20de:	3a01      	tloadr	r2, [sp, #4]
    20e0:	0251      	tnegs	r1, r2
    20e2:	0151      	taddcs	r1, r2
    20e4:	0653      	tmov	r3, sl
    20e6:	0319      	tors	r1, r3
    20e8:	a02c      	tmovs	r0, #44	; 0x2c
    20ea:	97fe 9851 	tjl	190 <analog_write>
    20ee:	a007      	tmovs	r0, #7
    20f0:	97fe 982e 	tjl	150 <analog_read>
    20f4:	a307      	tmovs	r3, #7
    20f6:	0398      	tbclrs	r0, r3
    20f8:	3903      	tloadr	r1, [sp, #12]
    20fa:	0308      	tors	r0, r1
    20fc:	f601      	tshftls	r1, r0, #24
    20fe:	fe09      	tshftrs	r1, r1, #24
    2100:	a007      	tmovs	r0, #7
    2102:	97fe 9845 	tjl	190 <analog_write>
    2106:	3a02      	tloadr	r2, [sp, #8]
    2108:	aa00      	tcmp	r2, #0
    210a:	c100      	tjne.n	210e <cpu_sleep_wakeup_32k_rc+0x136>
    210c:	80f6      	tj.n	22fc <cpu_sleep_wakeup_32k_rc+0x324>
    210e:	a07f      	tmovs	r0, #127	; 0x7f
    2110:	a100      	tmovs	r1, #0
    2112:	97fe 983d 	tjl	190 <analog_write>
    2116:	064b      	tmov	r3, r9
    2118:	f85b      	tshftrs	r3, r3, #1
    211a:	0699      	tmov	r9, r3
    211c:	a1fa      	tmovs	r1, #250	; 0xfa
    211e:	f209      	tshftls	r1, r1, #8
    2120:	ec08      	tadds	r0, r1, #0
    2122:	0448      	tadd	r0, r9
    2124:	2821      	tloadrh	r1, [r4, #0]
    2126:	97fe 9955 	tjl	3d4 <__divsi3>
    212a:	a17f      	tmovs	r1, #127	; 0x7f
    212c:	ea09      	tsubs	r1, r1, r0
    212e:	f609      	tshftls	r1, r1, #24
    2130:	fe09      	tshftrs	r1, r1, #24
    2132:	a020      	tmovs	r0, #32
    2134:	97fe 982c 	tjl	190 <analog_write>
    2138:	a2fa      	tmovs	r2, #250	; 0xfa
    213a:	f252      	tshftls	r2, r2, #9
    213c:	ec10      	tadds	r0, r2, #0
    213e:	0448      	tadd	r0, r9
    2140:	2821      	tloadrh	r1, [r4, #0]
    2142:	97fe 9947 	tjl	3d4 <__divsi3>
    2146:	03c1      	tmovns	r1, r0
    2148:	f609      	tshftls	r1, r1, #24
    214a:	fe09      	tshftrs	r1, r1, #24
    214c:	a01f      	tmovs	r0, #31
    214e:	97fe 981f 	tjl	190 <analog_write>
    2152:	0b7e      	tloadr	r3, [pc, #504]	; (234c <cpu_sleep_wakeup_32k_rc+0x374>)
    2154:	069a      	tmov	sl, r3
    2156:	4819      	tloadrb	r1, [r3, #0]
    2158:	3102      	tstorer	r1, [sp, #8]
    215a:	a900      	tcmp	r1, #0
    215c:	c100      	tjne.n	2160 <cpu_sleep_wakeup_32k_rc+0x188>
    215e:	80c1      	tj.n	22e4 <cpu_sleep_wakeup_32k_rc+0x30c>
    2160:	5830      	tloadr	r0, [r6, #0]
    2162:	3a05      	tloadr	r2, [sp, #20]
    2164:	ea10      	tsubs	r0, r2, r0
    2166:	2821      	tloadrh	r1, [r4, #0]
    2168:	97fe 9938 	tjl	3dc <__udivsi3>
    216c:	f100      	tshftls	r0, r0, #4
    216e:	583b      	tloadr	r3, [r7, #0]
    2170:	e8c3      	tadds	r3, r0, r3
    2172:	3303      	tstorer	r3, [sp, #12]
    2174:	3904      	tloadr	r1, [sp, #16]
    2176:	a900      	tcmp	r1, #0
    2178:	ca00      	tjge.n	217c <cpu_sleep_wakeup_32k_rc+0x1a4>
    217a:	8113      	tj.n	23a4 <cpu_sleep_wakeup_32k_rc+0x3cc>
    217c:	a22c      	tmovs	r2, #44	; 0x2c
    217e:	0b74      	tloadr	r3, [pc, #464]	; (2350 <cpu_sleep_wakeup_32k_rc+0x378>)
    2180:	401a      	tstorerb	r2, [r3, #0]
    2182:	b308      	tadds	r3, #8
    2184:	3a03      	tloadr	r2, [sp, #12]
    2186:	501a      	tstorer	r2, [r3, #0]
    2188:	0972      	tloadr	r1, [pc, #456]	; (2354 <cpu_sleep_wakeup_32k_rc+0x37c>)
    218a:	a308      	tmovs	r3, #8
    218c:	400b      	tstorerb	r3, [r1, #0]
    218e:	06c0      	tmov	r8, r8
    2190:	06c0      	tmov	r8, r8
    2192:	06c0      	tmov	r8, r8
    2194:	06c0      	tmov	r8, r8
    2196:	06c0      	tmov	r8, r8
    2198:	06c0      	tmov	r8, r8
    219a:	06c0      	tmov	r8, r8
    219c:	06c0      	tmov	r8, r8
    219e:	06c0      	tmov	r8, r8
    21a0:	06c0      	tmov	r8, r8
    21a2:	06c0      	tmov	r8, r8
    21a4:	06c0      	tmov	r8, r8
    21a6:	06c0      	tmov	r8, r8
    21a8:	06c0      	tmov	r8, r8
    21aa:	06c0      	tmov	r8, r8
    21ac:	06c0      	tmov	r8, r8
    21ae:	a208      	tmovs	r2, #8
    21b0:	480b      	tloadrb	r3, [r1, #0]
    21b2:	021a      	tnand	r2, r3
    21b4:	c1fc      	tjne.n	21b0 <cpu_sleep_wakeup_32k_rc+0x1d8>
    21b6:	a220      	tmovs	r2, #32
    21b8:	0b65      	tloadr	r3, [pc, #404]	; (2350 <cpu_sleep_wakeup_32k_rc+0x378>)
    21ba:	401a      	tstorerb	r2, [r3, #0]
    21bc:	a044      	tmovs	r0, #68	; 0x44
    21be:	97fd 9fc7 	tjl	150 <analog_read>
    21c2:	f703      	tshftls	r3, r0, #28
    21c4:	c100      	tjne.n	21c8 <cpu_sleep_wakeup_32k_rc+0x1f0>
    21c6:	80dd      	tj.n	2384 <cpu_sleep_wakeup_32k_rc+0x3ac>
    21c8:	a180      	tmovs	r1, #128	; 0x80
    21ca:	058b      	tcmp	fp, r1
    21cc:	c100      	tjne.n	21d0 <cpu_sleep_wakeup_32k_rc+0x1f8>
    21ce:	8122      	tj.n	2416 <cpu_sleep_wakeup_32k_rc+0x43e>
    21d0:	97ff 9e26 	tjl	1e20 <cpu_get_32k_tick>
    21d4:	58ab      	tloadr	r3, [r5, #8]
    21d6:	ab03      	tcmp	r3, #3
    21d8:	c100      	tjne.n	21dc <cpu_sleep_wakeup_32k_rc+0x204>
    21da:	80d6      	tj.n	238a <cpu_sleep_wakeup_32k_rc+0x3b2>
    21dc:	0651      	tmov	r1, sl
    21de:	480b      	tloadrb	r3, [r1, #0]
    21e0:	ab00      	tcmp	r3, #0
    21e2:	c100      	tjne.n	21e6 <cpu_sleep_wakeup_32k_rc+0x20e>
    21e4:	8092      	tj.n	230c <cpu_sleep_wakeup_32k_rc+0x334>
    21e6:	583b      	tloadr	r3, [r7, #0]
    21e8:	eac0      	tsubs	r0, r0, r3
    21ea:	f900      	tshftrs	r0, r0, #4
    21ec:	2823      	tloadrh	r3, [r4, #0]
    21ee:	0343      	tmuls	r3, r0
    21f0:	5832      	tloadr	r2, [r6, #0]
    21f2:	e89b      	tadds	r3, r3, r2
    21f4:	5033      	tstorer	r3, [r6, #0]
    21f6:	b341      	tadds	r3, #65	; 0x41
    21f8:	b3ff      	tadds	r3, #255	; 0xff
    21fa:	0c4b      	tloadr	r4, [pc, #300]	; (2328 <cpu_sleep_wakeup_32k_rc+0x350>)
    21fc:	5023      	tstorer	r3, [r4, #0]
    21fe:	0b54      	tloadr	r3, [pc, #336]	; (2350 <cpu_sleep_wakeup_32k_rc+0x378>)
    2200:	a200      	tmovs	r2, #0
    2202:	401a      	tstorerb	r2, [r3, #0]
    2204:	06c0      	tmov	r8, r8
    2206:	06c0      	tmov	r8, r8
    2208:	06c0      	tmov	r8, r8
    220a:	06c0      	tmov	r8, r8
    220c:	06c0      	tmov	r8, r8
    220e:	06c0      	tmov	r8, r8
    2210:	a292      	tmovs	r2, #146	; 0x92
    2212:	401a      	tstorerb	r2, [r3, #0]
    2214:	06c0      	tmov	r8, r8
    2216:	06c0      	tmov	r8, r8
    2218:	06c0      	tmov	r8, r8
    221a:	06c0      	tmov	r8, r8
    221c:	a201      	tmovs	r2, #1
    221e:	b303      	tadds	r3, #3
    2220:	401a      	tstorerb	r2, [r3, #0]
    2222:	0b49      	tloadr	r3, [pc, #292]	; (2348 <cpu_sleep_wakeup_32k_rc+0x370>)
    2224:	066a      	tmov	r2, sp
    2226:	a118      	tmovs	r1, #24
    2228:	1c8a      	tloadrb	r2, [r1, r2]
    222a:	401a      	tstorerb	r2, [r3, #0]
    222c:	a044      	tmovs	r0, #68	; 0x44
    222e:	97fd 9f8f 	tjl	150 <analog_read>
    2232:	ec01      	tadds	r1, r0, #0
    2234:	f783      	tshftls	r3, r0, #30
    2236:	c509      	tjpl.n	224c <cpu_sleep_wakeup_32k_rc+0x274>
    2238:	3a01      	tloadr	r2, [sp, #4]
    223a:	aa00      	tcmp	r2, #0
    223c:	c006      	tjeq.n	224c <cpu_sleep_wakeup_32k_rc+0x274>
    223e:	a280      	tmovs	r2, #128	; 0x80
    2240:	f5d2      	tshftls	r2, r2, #23
    2242:	0640      	tmov	r0, r8
    2244:	5823      	tloadr	r3, [r4, #0]
    2246:	ea1b      	tsubs	r3, r3, r0
    2248:	0293      	tcmp	r3, r2
    224a:	c8fb      	tjhi.n	2244 <cpu_sleep_wakeup_32k_rc+0x26c>
    224c:	0b38      	tloadr	r3, [pc, #224]	; (2330 <cpu_sleep_wakeup_32k_rc+0x358>)
    224e:	066a      	tmov	r2, sp
    2250:	4812      	tloadrb	r2, [r2, #0]
    2252:	401a      	tstorerb	r2, [r3, #0]
    2254:	a080      	tmovs	r0, #128	; 0x80
    2256:	a900      	tcmp	r1, #0
    2258:	c100      	tjne.n	225c <cpu_sleep_wakeup_32k_rc+0x284>
    225a:	86f8      	tj.n	204e <cpu_sleep_wakeup_32k_rc+0x76>
    225c:	f5c0      	tshftls	r0, r0, #23
    225e:	0308      	tors	r0, r1
    2260:	86f5      	tj.n	204e <cpu_sleep_wakeup_32k_rc+0x76>
    2262:	0b3d      	tloadr	r3, [pc, #244]	; (2358 <cpu_sleep_wakeup_32k_rc+0x380>)
    2264:	ec19      	tadds	r1, r3, #0
    2266:	0441      	tadd	r1, r8
    2268:	3105      	tstorer	r1, [sp, #20]
    226a:	0652      	tmov	r2, sl
    226c:	f611      	tshftls	r1, r2, #24
    226e:	fe09      	tshftrs	r1, r1, #24
    2270:	a026      	tmovs	r0, #38	; 0x26
    2272:	97fd 9f8d 	tjl	190 <analog_write>
    2276:	a044      	tmovs	r0, #68	; 0x44
    2278:	a10f      	tmovs	r1, #15
    227a:	97fd 9f89 	tjl	190 <analog_write>
    227e:	0b32      	tloadr	r3, [pc, #200]	; (2348 <cpu_sleep_wakeup_32k_rc+0x370>)
    2280:	481a      	tloadrb	r2, [r3, #0]
    2282:	3206      	tstorer	r2, [sp, #24]
    2284:	a200      	tmovs	r2, #0
    2286:	401a      	tstorerb	r2, [r3, #0]
    2288:	a37f      	tmovs	r3, #127	; 0x7f
    228a:	0659      	tmov	r1, fp
    228c:	0019      	tands	r1, r3
    228e:	3102      	tstorer	r1, [sp, #8]
    2290:	c100      	tjne.n	2294 <cpu_sleep_wakeup_32k_rc+0x2bc>
    2292:	80b4      	tj.n	23fe <cpu_sleep_wakeup_32k_rc+0x426>
    2294:	a002      	tmovs	r0, #2
    2296:	97fd 9f5b 	tjl	150 <analog_read>
    229a:	a307      	tmovs	r3, #7
    229c:	0398      	tbclrs	r0, r3
    229e:	a305      	tmovs	r3, #5
    22a0:	0303      	tors	r3, r0
    22a2:	f619      	tshftls	r1, r3, #24
    22a4:	fe09      	tshftrs	r1, r1, #24
    22a6:	a002      	tmovs	r0, #2
    22a8:	97fd 9f72 	tjl	190 <analog_write>
    22ac:	a07e      	tmovs	r0, #126	; 0x7e
    22ae:	0659      	tmov	r1, fp
    22b0:	97fd 9f6e 	tjl	190 <analog_write>
    22b4:	a101      	tmovs	r1, #1
    22b6:	a340      	tmovs	r3, #64	; 0x40
    22b8:	a21e      	tmovs	r2, #30
    22ba:	0313      	tors	r3, r2
    22bc:	f61b      	tshftls	r3, r3, #24
    22be:	fe1b      	tshftrs	r3, r3, #24
    22c0:	069a      	tmov	sl, r3
    22c2:	3103      	tstorer	r1, [sp, #12]
    22c4:	a1de      	tmovs	r1, #222	; 0xde
    22c6:	8707      	tj.n	20d8 <cpu_sleep_wakeup_32k_rc+0x100>
    22c8:	5833      	tloadr	r3, [r6, #0]
    22ca:	502b      	tstorer	r3, [r5, #0]
    22cc:	5068      	tstorer	r0, [r5, #4]
    22ce:	86d7      	tj.n	2080 <cpu_sleep_wakeup_32k_rc+0xa8>
    22d0:	a201      	tmovs	r2, #1
    22d2:	0b1e      	tloadr	r3, [pc, #120]	; (234c <cpu_sleep_wakeup_32k_rc+0x374>)
    22d4:	401a      	tstorerb	r2, [r3, #0]
    22d6:	86a9      	tj.n	202c <cpu_sleep_wakeup_32k_rc+0x54>
    22d8:	a044      	tmovs	r0, #68	; 0x44
    22da:	97fd 9f39 	tjl	150 <analog_read>
    22de:	a30f      	tmovs	r3, #15
    22e0:	0018      	tands	r0, r3
    22e2:	86b4      	tj.n	204e <cpu_sleep_wakeup_32k_rc+0x76>
    22e4:	5830      	tloadr	r0, [r6, #0]
    22e6:	3b05      	tloadr	r3, [sp, #20]
    22e8:	ea18      	tsubs	r0, r3, r0
    22ea:	f100      	tshftls	r0, r0, #4
    22ec:	0448      	tadd	r0, r9
    22ee:	2821      	tloadrh	r1, [r4, #0]
    22f0:	97fe 9874 	tjl	3dc <__udivsi3>
    22f4:	583b      	tloadr	r3, [r7, #0]
    22f6:	e8c3      	tadds	r3, r0, r3
    22f8:	3303      	tstorer	r3, [sp, #12]
    22fa:	873b      	tj.n	2174 <cpu_sleep_wakeup_32k_rc+0x19c>
    22fc:	a208      	tmovs	r2, #8
    22fe:	0b17      	tloadr	r3, [pc, #92]	; (235c <cpu_sleep_wakeup_32k_rc+0x384>)
    2300:	401a      	tstorerb	r2, [r3, #0]
    2302:	a07f      	tmovs	r0, #127	; 0x7f
    2304:	a101      	tmovs	r1, #1
    2306:	97fd 9f43 	tjl	190 <analog_write>
    230a:	8704      	tj.n	2116 <cpu_sleep_wakeup_32k_rc+0x13e>
    230c:	583b      	tloadr	r3, [r7, #0]
    230e:	eac0      	tsubs	r0, r0, r3
    2310:	2823      	tloadrh	r3, [r4, #0]
    2312:	0343      	tmuls	r3, r0
    2314:	f91b      	tshftrs	r3, r3, #4
    2316:	5832      	tloadr	r2, [r6, #0]
    2318:	e89b      	tadds	r3, r3, r2
    231a:	5033      	tstorer	r3, [r6, #0]
    231c:	876b      	tj.n	21f6 <cpu_sleep_wakeup_32k_rc+0x21e>
    231e:	46c0      	tnop			; (mov r8, r8)
    2320:	00800750 	taddeq	r0, r0, r0, asr r7
    2324:	00846494 	umulleq	r6, r4, r4, r4
    2328:	00800740 	taddeq	r0, r0, r0, asr #14
    232c:	00005dbf 	undefined instruction 0x00005dbf
    2330:	00800643 	taddeq	r0, r0, r3, asr #12
    2334:	0084647c 	taddeq	r6, r4, ip, ror r4
    2338:	00846498 	umulleq	r6, r4, r8, r4
    233c:	0084649c 	umulleq	r6, r4, ip, r4
    2340:	00846488 	taddeq	r6, r4, r8, lsl #9
    2344:	ffffb1e0 	undefined instruction 0xffffb1e0
    2348:	00800066 	taddeq	r0, r0, r6, rrx
    234c:	008464a0 	taddeq	r6, r4, r0, lsr #9
    2350:	0080074c 	taddeq	r0, r0, ip, asr #14
    2354:	0080074f 	taddeq	r0, r0, pc, asr #14
    2358:	ffffbb40 	undefined instruction 0xffffbb40
    235c:	00800602 	taddeq	r0, r0, r2, lsl #12
    2360:	5834      	tloadr	r4, [r6, #0]
    2362:	a044      	tmovs	r0, #68	; 0x44
    2364:	a10f      	tmovs	r1, #15
    2366:	97fd 9f13 	tjl	190 <analog_write>
    236a:	a70f      	tmovs	r7, #15
    236c:	a044      	tmovs	r0, #68	; 0x44
    236e:	97fd 9eef 	tjl	150 <analog_read>
    2372:	0038      	tands	r0, r7
    2374:	5833      	tloadr	r3, [r6, #0]
    2376:	eb1b      	tsubs	r3, r3, r4
    2378:	029d      	tcmp	r5, r3
    237a:	c800      	tjhi.n	237e <cpu_sleep_wakeup_32k_rc+0x3a6>
    237c:	8667      	tj.n	204e <cpu_sleep_wakeup_32k_rc+0x76>
    237e:	a800      	tcmp	r0, #0
    2380:	c0f4      	tjeq.n	236c <cpu_sleep_wakeup_32k_rc+0x394>
    2382:	8664      	tj.n	204e <cpu_sleep_wakeup_32k_rc+0x76>
    2384:	97ff 9cd4 	tjl	1d30 <sleep_start>
    2388:	871e      	tj.n	21c8 <cpu_sleep_wakeup_32k_rc+0x1f0>
    238a:	0652      	tmov	r2, sl
    238c:	4813      	tloadrb	r3, [r2, #0]
    238e:	ab00      	tcmp	r3, #0
    2390:	c038      	tjeq.n	2404 <cpu_sleep_wakeup_32k_rc+0x42c>
    2392:	586b      	tloadr	r3, [r5, #4]
    2394:	eac0      	tsubs	r0, r0, r3
    2396:	f900      	tshftrs	r0, r0, #4
    2398:	2822      	tloadrh	r2, [r4, #0]
    239a:	0342      	tmuls	r2, r0
    239c:	582b      	tloadr	r3, [r5, #0]
    239e:	e8d3      	tadds	r3, r2, r3
    23a0:	5033      	tstorer	r3, [r6, #0]
    23a2:	8728      	tj.n	21f6 <cpu_sleep_wakeup_32k_rc+0x21e>
    23a4:	58ab      	tloadr	r3, [r5, #8]
    23a6:	ab00      	tcmp	r3, #0
    23a8:	c100      	tjne.n	23ac <cpu_sleep_wakeup_32k_rc+0x3d4>
    23aa:	86e7      	tj.n	217c <cpu_sleep_wakeup_32k_rc+0x1a4>
    23ac:	3a02      	tloadr	r2, [sp, #8]
    23ae:	aa00      	tcmp	r2, #0
    23b0:	c037      	tjeq.n	2422 <cpu_sleep_wakeup_32k_rc+0x44a>
    23b2:	5828      	tloadr	r0, [r5, #0]
    23b4:	3b05      	tloadr	r3, [sp, #20]
    23b6:	ea18      	tsubs	r0, r3, r0
    23b8:	2821      	tloadrh	r1, [r4, #0]
    23ba:	97fe 980f 	tjl	3dc <__udivsi3>
    23be:	f100      	tshftls	r0, r0, #4
    23c0:	586b      	tloadr	r3, [r5, #4]
    23c2:	e8c0      	tadds	r0, r0, r3
    23c4:	583b      	tloadr	r3, [r7, #0]
    23c6:	eac3      	tsubs	r3, r0, r3
    23c8:	ab06      	tcmp	r3, #6
    23ca:	cc00      	tjgt.n	23ce <cpu_sleep_wakeup_32k_rc+0x3f6>
    23cc:	86d6      	tj.n	217c <cpu_sleep_wakeup_32k_rc+0x1a4>
    23ce:	3b03      	tloadr	r3, [sp, #12]
    23d0:	b380      	tadds	r3, #128	; 0x80
    23d2:	ea1b      	tsubs	r3, r3, r0
    23d4:	abff      	tcmp	r3, #255	; 0xff
    23d6:	c900      	tjls.n	23da <cpu_sleep_wakeup_32k_rc+0x402>
    23d8:	86d0      	tj.n	217c <cpu_sleep_wakeup_32k_rc+0x1a4>
    23da:	a303      	tmovs	r3, #3
    23dc:	50ab      	tstorer	r3, [r5, #8]
    23de:	3003      	tstorer	r0, [sp, #12]
    23e0:	86cc      	tj.n	217c <cpu_sleep_wakeup_32k_rc+0x1a4>
    23e2:	582b      	tloadr	r3, [r5, #0]
    23e4:	ab00      	tcmp	r3, #0
    23e6:	c100      	tjne.n	23ea <cpu_sleep_wakeup_32k_rc+0x412>
    23e8:	8650      	tj.n	208c <cpu_sleep_wakeup_32k_rc+0xb4>
    23ea:	0a13      	tloadr	r2, [pc, #76]	; (2438 <cpu_sleep_wakeup_32k_rc+0x460>)
    23ec:	5812      	tloadr	r2, [r2, #0]
    23ee:	ead3      	tsubs	r3, r2, r3
    23f0:	0a12      	tloadr	r2, [pc, #72]	; (243c <cpu_sleep_wakeup_32k_rc+0x464>)
    23f2:	0293      	tcmp	r3, r2
    23f4:	c900      	tjls.n	23f8 <cpu_sleep_wakeup_32k_rc+0x420>
    23f6:	8649      	tj.n	208c <cpu_sleep_wakeup_32k_rc+0xb4>
    23f8:	a301      	tmovs	r3, #1
    23fa:	50ab      	tstorer	r3, [r5, #8]
    23fc:	8646      	tj.n	208c <cpu_sleep_wakeup_32k_rc+0xb4>
    23fe:	a105      	tmovs	r1, #5
    2400:	a3c0      	tmovs	r3, #192	; 0xc0
    2402:	8759      	tj.n	22b8 <cpu_sleep_wakeup_32k_rc+0x2e0>
    2404:	586a      	tloadr	r2, [r5, #4]
    2406:	ea80      	tsubs	r0, r0, r2
    2408:	2822      	tloadrh	r2, [r4, #0]
    240a:	0342      	tmuls	r2, r0
    240c:	f912      	tshftrs	r2, r2, #4
    240e:	582b      	tloadr	r3, [r5, #0]
    2410:	e8d3      	tadds	r3, r2, r3
    2412:	5033      	tstorer	r3, [r6, #0]
    2414:	86ef      	tj.n	21f6 <cpu_sleep_wakeup_32k_rc+0x21e>
    2416:	900b 9adb 	tjl	d9d0 <soft_reboot_dly13ms_use24mRC>
    241a:	a220      	tmovs	r2, #32
    241c:	0b08      	tloadr	r3, [pc, #32]	; (2440 <cpu_sleep_wakeup_32k_rc+0x468>)
    241e:	401a      	tstorerb	r2, [r3, #0]
    2420:	86d6      	tj.n	21d0 <cpu_sleep_wakeup_32k_rc+0x1f8>
    2422:	582b      	tloadr	r3, [r5, #0]
    2424:	3905      	tloadr	r1, [sp, #20]
    2426:	eac8      	tsubs	r0, r1, r3
    2428:	f100      	tshftls	r0, r0, #4
    242a:	0448      	tadd	r0, r9
    242c:	2821      	tloadrh	r1, [r4, #0]
    242e:	97fd 9fd5 	tjl	3dc <__udivsi3>
    2432:	586b      	tloadr	r3, [r5, #4]
    2434:	e8c0      	tadds	r0, r0, r3
    2436:	87c5      	tj.n	23c4 <cpu_sleep_wakeup_32k_rc+0x3ec>
    2438:	00800740 	taddeq	r0, r0, r0, asr #14
    243c:	03ffffff 	tmovnseq	pc, #1020	; 0x3fc
    2440:	0080006f 	taddeq	r0, r0, pc, rrx
    2444:	0718      	tjex	r3
    2446:	46c0      	tnop			; (mov r8, r8)

00002448 <pm_tim_recover_32k_rc>:
pm_tim_recover_32k_rc():
    2448:	0b0b      	tloadr	r3, [pc, #44]	; (2478 <pm_tim_recover_32k_rc+0x30>)
    244a:	589a      	tloadr	r2, [r3, #8]
    244c:	aa03      	tcmp	r2, #3
    244e:	c00a      	tjeq.n	2466 <pm_tim_recover_32k_rc+0x1e>
    2450:	0b0a      	tloadr	r3, [pc, #40]	; (247c <pm_tim_recover_32k_rc+0x34>)
    2452:	581b      	tloadr	r3, [r3, #0]
    2454:	eac0      	tsubs	r0, r0, r3
    2456:	0b0a      	tloadr	r3, [pc, #40]	; (2480 <pm_tim_recover_32k_rc+0x38>)
    2458:	281b      	tloadrh	r3, [r3, #0]
    245a:	0358      	tmuls	r0, r3
    245c:	f900      	tshftrs	r0, r0, #4
    245e:	0b09      	tloadr	r3, [pc, #36]	; (2484 <pm_tim_recover_32k_rc+0x3c>)
    2460:	581b      	tloadr	r3, [r3, #0]
    2462:	e8c0      	tadds	r0, r0, r3
    2464:	0770      	tjex	lr
    2466:	585a      	tloadr	r2, [r3, #4]
    2468:	ea80      	tsubs	r0, r0, r2
    246a:	0a05      	tloadr	r2, [pc, #20]	; (2480 <pm_tim_recover_32k_rc+0x38>)
    246c:	2812      	tloadrh	r2, [r2, #0]
    246e:	0350      	tmuls	r0, r2
    2470:	f900      	tshftrs	r0, r0, #4
    2472:	581b      	tloadr	r3, [r3, #0]
    2474:	e8c0      	tadds	r0, r0, r3
    2476:	87f5      	tj.n	2464 <pm_tim_recover_32k_rc+0x1c>
    2478:	00846488 	taddeq	r6, r4, r8, lsl #9
    247c:	0084649c 	umulleq	r6, r4, ip, r4
    2480:	00846494 	umulleq	r6, r4, r4, r4
    2484:	00846498 	umulleq	r6, r4, r8, r4

00002488 <rf_ble_1m_param_init>:
rf_ble_1m_param_init():
    2488:	a29b      	tmovs	r2, #155	; 0x9b
    248a:	0b16      	tloadr	r3, [pc, #88]	; (24e4 <rf_ble_1m_param_init+0x5c>)
    248c:	401a      	tstorerb	r2, [r3, #0]
    248e:	a219      	tmovs	r2, #25
    2490:	b301      	tadds	r3, #1
    2492:	401a      	tstorerb	r2, [r3, #0]
    2494:	a30e      	tmovs	r3, #14
    2496:	0a14      	tloadr	r2, [pc, #80]	; (24e8 <rf_ble_1m_param_init+0x60>)
    2498:	4013      	tstorerb	r3, [r2, #0]
    249a:	a250      	tmovs	r2, #80	; 0x50
    249c:	0913      	tloadr	r1, [pc, #76]	; (24ec <rf_ble_1m_param_init+0x64>)
    249e:	400a      	tstorerb	r2, [r1, #0]
    24a0:	b92c      	tsubs	r1, #44	; 0x2c
    24a2:	400b      	tstorerb	r3, [r1, #0]
    24a4:	a109      	tmovs	r1, #9
    24a6:	0b12      	tloadr	r3, [pc, #72]	; (24f0 <rf_ble_1m_param_init+0x68>)
    24a8:	4019      	tstorerb	r1, [r3, #0]
    24aa:	a101      	tmovs	r1, #1
    24ac:	0b11      	tloadr	r3, [pc, #68]	; (24f4 <rf_ble_1m_param_init+0x6c>)
    24ae:	4019      	tstorerb	r1, [r3, #0]
    24b0:	a146      	tmovs	r1, #70	; 0x46
    24b2:	b301      	tadds	r3, #1
    24b4:	4019      	tstorerb	r1, [r3, #0]
    24b6:	a1f5      	tmovs	r1, #245	; 0xf5
    24b8:	b302      	tadds	r3, #2
    24ba:	4019      	tstorerb	r1, [r3, #0]
    24bc:	a13e      	tmovs	r1, #62	; 0x3e
    24be:	b32c      	tadds	r3, #44	; 0x2c
    24c0:	4019      	tstorerb	r1, [r3, #0]
    24c2:	090d      	tloadr	r1, [pc, #52]	; (24f8 <rf_ble_1m_param_init+0x70>)
    24c4:	b330      	tadds	r3, #48	; 0x30
    24c6:	5019      	tstorer	r1, [r3, #0]
    24c8:	090c      	tloadr	r1, [pc, #48]	; (24fc <rf_ble_1m_param_init+0x74>)
    24ca:	b304      	tadds	r3, #4
    24cc:	2019      	tstorerh	r1, [r3, #0]
    24ce:	a300      	tmovs	r3, #0
    24d0:	090b      	tloadr	r1, [pc, #44]	; (2500 <rf_ble_1m_param_init+0x78>)
    24d2:	400b      	tstorerb	r3, [r1, #0]
    24d4:	b106      	tadds	r1, #6
    24d6:	400a      	tstorerb	r2, [r1, #0]
    24d8:	0a0a      	tloadr	r2, [pc, #40]	; (2504 <rf_ble_1m_param_init+0x7c>)
    24da:	4013      	tstorerb	r3, [r2, #0]
    24dc:	b202      	tadds	r2, #2
    24de:	4013      	tstorerb	r3, [r2, #0]
    24e0:	0770      	tjex	lr
    24e2:	46c0      	tnop			; (mov r8, r8)
    24e4:	008012d2 	undefined instruction 0x008012d2
    24e8:	0080127b 	taddeq	r1, r0, fp, ror r2
    24ec:	00801276 	taddeq	r1, r0, r6, ror r2
    24f0:	0080124b 	taddeq	r1, r0, fp, asr #4
    24f4:	00800401 	taddeq	r0, r0, r1, lsl #8
    24f8:	5f4f4434 	tservpl	0x004f4434
    24fc:	0000766b 	tandeq	r7, r0, fp, ror #12
    2500:	00800f06 	taddeq	r0, r0, r6, lsl #30
    2504:	00800f0e 	taddeq	r0, r0, lr, lsl #30

00002508 <rf_drv_init>:
rf_drv_init():
    2508:	6510      	tpush	{r4, lr}
    250a:	f404      	tshftls	r4, r0, #16
    250c:	fc24      	tshftrs	r4, r4, #16
    250e:	97ff 9fbb 	tjl	2488 <rf_ble_1m_param_init>
    2512:	0b05      	tloadr	r3, [pc, #20]	; (2528 <rf_drv_init+0x20>)
    2514:	4819      	tloadrb	r1, [r3, #0]
    2516:	a20c      	tmovs	r2, #12
    2518:	030a      	tors	r2, r1
    251a:	f612      	tshftls	r2, r2, #24
    251c:	fe12      	tshftrs	r2, r2, #24
    251e:	401a      	tstorerb	r2, [r3, #0]
    2520:	0b02      	tloadr	r3, [pc, #8]	; (252c <rf_drv_init+0x24>)
    2522:	201c      	tstorerh	r4, [r3, #0]
    2524:	6d10      	tpop	{r4, pc}
    2526:	46c0      	tnop			; (mov r8, r8)
    2528:	00800c20 	taddeq	r0, r0, r0, lsr #24
    252c:	008464a4 	taddeq	r6, r4, r4, lsr #9

00002530 <rf_set_power_level_index>:
rf_set_power_level_index():
    2530:	6530      	tpush	{r4, r5, lr}
    2532:	f600      	tshftls	r0, r0, #24
    2534:	fe03      	tshftrs	r3, r0, #24
    2536:	a800      	tcmp	r0, #0
    2538:	cb1b      	tjlt.n	2572 <rf_set_power_level_index+0x42>
    253a:	0a12      	tloadr	r2, [pc, #72]	; (2584 <rf_set_power_level_index+0x54>)
    253c:	4811      	tloadrb	r1, [r2, #0]
    253e:	a040      	tmovs	r0, #64	; 0x40
    2540:	0381      	tbclrs	r1, r0
    2542:	4011      	tstorerb	r1, [r2, #0]
    2544:	a13f      	tmovs	r1, #63	; 0x3f
    2546:	0019      	tands	r1, r3
    2548:	f609      	tshftls	r1, r1, #24
    254a:	0a0f      	tloadr	r2, [pc, #60]	; (2588 <rf_set_power_level_index+0x58>)
    254c:	4810      	tloadrb	r0, [r2, #0]
    254e:	fc4c      	tshftrs	r4, r1, #17
    2550:	a57f      	tmovs	r5, #127	; 0x7f
    2552:	0028      	tands	r0, r5
    2554:	0320      	tors	r0, r4
    2556:	f600      	tshftls	r0, r0, #24
    2558:	fe00      	tshftrs	r0, r0, #24
    255a:	4010      	tstorerb	r0, [r2, #0]
    255c:	b201      	tadds	r2, #1
    255e:	4814      	tloadrb	r4, [r2, #0]
    2560:	fe48      	tshftrs	r0, r1, #25
    2562:	a11f      	tmovs	r1, #31
    2564:	038c      	tbclrs	r4, r1
    2566:	ec21      	tadds	r1, r4, #0
    2568:	0301      	tors	r1, r0
    256a:	4011      	tstorerb	r1, [r2, #0]
    256c:	0a07      	tloadr	r2, [pc, #28]	; (258c <rf_set_power_level_index+0x5c>)
    256e:	4013      	tstorerb	r3, [r2, #0]
    2570:	6d30      	tpop	{r4, r5, pc}
    2572:	0a04      	tloadr	r2, [pc, #16]	; (2584 <rf_set_power_level_index+0x54>)
    2574:	4810      	tloadrb	r0, [r2, #0]
    2576:	a140      	tmovs	r1, #64	; 0x40
    2578:	0301      	tors	r1, r0
    257a:	f609      	tshftls	r1, r1, #24
    257c:	fe09      	tshftrs	r1, r1, #24
    257e:	4011      	tstorerb	r1, [r2, #0]
    2580:	87e0      	tj.n	2544 <rf_set_power_level_index+0x14>
    2582:	46c0      	tnop			; (mov r8, r8)
    2584:	00801225 	taddeq	r1, r0, r5, lsr #4
    2588:	00801226 	taddeq	r1, r0, r6, lsr #4
    258c:	00848fa4 	taddeq	r8, r4, r4, lsr #31

00002590 <rf_start_stx>:
rf_start_stx():
    2590:	0b08      	tloadr	r3, [pc, #32]	; (25b4 <rf_start_stx+0x24>)
    2592:	5019      	tstorer	r1, [r3, #0]
    2594:	bb02      	tsubs	r3, #2
    2596:	4819      	tloadrb	r1, [r3, #0]
    2598:	a204      	tmovs	r2, #4
    259a:	030a      	tors	r2, r1
    259c:	f612      	tshftls	r2, r2, #24
    259e:	fe12      	tshftrs	r2, r2, #24
    25a0:	401a      	tstorerb	r2, [r3, #0]
    25a2:	a285      	tmovs	r2, #133	; 0x85
    25a4:	bb16      	tsubs	r3, #22
    25a6:	401a      	tstorerb	r2, [r3, #0]
    25a8:	f400      	tshftls	r0, r0, #16
    25aa:	fc00      	tshftrs	r0, r0, #16
    25ac:	0b02      	tloadr	r3, [pc, #8]	; (25b8 <rf_start_stx+0x28>)
    25ae:	2018      	tstorerh	r0, [r3, #0]
    25b0:	0770      	tjex	lr
    25b2:	46c0      	tnop			; (mov r8, r8)
    25b4:	01000f18 	tnandeq	r0, r8, lsl pc
    25b8:	01000c0c 	tnandeq	r0, ip, lsl #24

000025bc <rf_set_ble_channel>:
rf_set_ble_channel():
    25bc:	6510      	tpush	{r4, lr}
    25be:	f600      	tshftls	r0, r0, #24
    25c0:	e603      	tasrs	r3, r0, #24
    25c2:	fe00      	tshftrs	r0, r0, #24
    25c4:	0a2c      	tloadr	r2, [pc, #176]	; (2678 <rf_set_ble_channel+0xbc>)
    25c6:	4010      	tstorerb	r0, [r2, #0]
    25c8:	ab0a      	tcmp	r3, #10
    25ca:	cc1b      	tjgt.n	2604 <rf_set_ble_channel+0x48>
    25cc:	b002      	tadds	r0, #2
    25ce:	f600      	tshftls	r0, r0, #24
    25d0:	e600      	tasrs	r0, r0, #24
    25d2:	f640      	tshftls	r0, r0, #25
    25d4:	e600      	tasrs	r0, r0, #24
    25d6:	a296      	tmovs	r2, #150	; 0x96
    25d8:	f112      	tshftls	r2, r2, #4
    25da:	e883      	tadds	r3, r0, r2
    25dc:	b277      	tadds	r2, #119	; 0x77
    25de:	0293      	tcmp	r3, r2
    25e0:	cd1d      	tjle.n	261e <rf_set_ble_channel+0x62>
    25e2:	ee84      	tsubs	r4, r0, #2
    25e4:	f5e4      	tshftls	r4, r4, #23
    25e6:	fe24      	tshftrs	r4, r4, #24
    25e8:	a204      	tmovs	r2, #4
    25ea:	0b24      	tloadr	r3, [pc, #144]	; (267c <rf_set_ble_channel+0xc0>)
    25ec:	4818      	tloadrb	r0, [r3, #0]
    25ee:	a13f      	tmovs	r1, #63	; 0x3f
    25f0:	0388      	tbclrs	r0, r1
    25f2:	0320      	tors	r0, r4
    25f4:	4018      	tstorerb	r0, [r3, #0]
    25f6:	b301      	tadds	r3, #1
    25f8:	4819      	tloadrb	r1, [r3, #0]
    25fa:	a03c      	tmovs	r0, #60	; 0x3c
    25fc:	0381      	tbclrs	r1, r0
    25fe:	030a      	tors	r2, r1
    2600:	401a      	tstorerb	r2, [r3, #0]
    2602:	6d10      	tpop	{r4, pc}
    2604:	ab24      	tcmp	r3, #36	; 0x24
    2606:	cc24      	tjgt.n	2652 <rf_set_ble_channel+0x96>
    2608:	b003      	tadds	r0, #3
    260a:	f600      	tshftls	r0, r0, #24
    260c:	e600      	tasrs	r0, r0, #24
    260e:	f640      	tshftls	r0, r0, #25
    2610:	e600      	tasrs	r0, r0, #24
    2612:	a296      	tmovs	r2, #150	; 0x96
    2614:	f112      	tshftls	r2, r2, #4
    2616:	e883      	tadds	r3, r0, r2
    2618:	b277      	tadds	r2, #119	; 0x77
    261a:	0293      	tcmp	r3, r2
    261c:	cce1      	tjgt.n	25e2 <rf_set_ble_channel+0x26>
    261e:	ee84      	tsubs	r4, r0, #2
    2620:	f5e4      	tshftls	r4, r4, #23
    2622:	fe24      	tshftrs	r4, r4, #24
    2624:	a208      	tmovs	r2, #8
    2626:	0916      	tloadr	r1, [pc, #88]	; (2680 <rf_set_ble_channel+0xc4>)
    2628:	028b      	tcmp	r3, r1
    262a:	ccde      	tjgt.n	25ea <rf_set_ble_channel+0x2e>
    262c:	a19a      	tmovs	r1, #154	; 0x9a
    262e:	f109      	tshftls	r1, r1, #4
    2630:	a20c      	tmovs	r2, #12
    2632:	028b      	tcmp	r3, r1
    2634:	ccd9      	tjgt.n	25ea <rf_set_ble_channel+0x2e>
    2636:	a210      	tmovs	r2, #16
    2638:	0912      	tloadr	r1, [pc, #72]	; (2684 <rf_set_ble_channel+0xc8>)
    263a:	028b      	tcmp	r3, r1
    263c:	ccd5      	tjgt.n	25ea <rf_set_ble_channel+0x2e>
    263e:	a214      	tmovs	r2, #20
    2640:	b91e      	tsubs	r1, #30
    2642:	028b      	tcmp	r3, r1
    2644:	ccd1      	tjgt.n	25ea <rf_set_ble_channel+0x2e>
    2646:	a21c      	tmovs	r2, #28
    2648:	b919      	tsubs	r1, #25
    264a:	028b      	tcmp	r3, r1
    264c:	cdcd      	tjle.n	25ea <rf_set_ble_channel+0x2e>
    264e:	a218      	tmovs	r2, #24
    2650:	87cb      	tj.n	25ea <rf_set_ble_channel+0x2e>
    2652:	ab25      	tcmp	r3, #37	; 0x25
    2654:	c00a      	tjeq.n	266c <rf_set_ble_channel+0xb0>
    2656:	ab26      	tcmp	r3, #38	; 0x26
    2658:	c00b      	tjeq.n	2672 <rf_set_ble_channel+0xb6>
    265a:	a427      	tmovs	r4, #39	; 0x27
    265c:	a39b      	tmovs	r3, #155	; 0x9b
    265e:	f11b      	tshftls	r3, r3, #4
    2660:	a19a      	tmovs	r1, #154	; 0x9a
    2662:	f109      	tshftls	r1, r1, #4
    2664:	a20c      	tmovs	r2, #12
    2666:	028b      	tcmp	r3, r1
    2668:	cde5      	tjle.n	2636 <rf_set_ble_channel+0x7a>
    266a:	87be      	tj.n	25ea <rf_set_ble_channel+0x2e>
    266c:	a400      	tmovs	r4, #0
    266e:	0b06      	tloadr	r3, [pc, #24]	; (2688 <rf_set_ble_channel+0xcc>)
    2670:	87dc      	tj.n	262c <rf_set_ble_channel+0x70>
    2672:	a40c      	tmovs	r4, #12
    2674:	0b05      	tloadr	r3, [pc, #20]	; (268c <rf_set_ble_channel+0xd0>)
    2676:	87d9      	tj.n	262c <rf_set_ble_channel+0x70>
    2678:	0100040d 	tnandeq	r0, sp, lsl #8
    267c:	00801228 	taddeq	r1, r0, r8, lsr #4
    2680:	000009be 	undefined instruction 0x000009be
    2684:	00000982 	tandeq	r0, r0, r2, lsl #19
    2688:	00000962 	tandeq	r0, r0, r2, ror #18
    268c:	0000097a 	tandeq	r0, r0, sl, ror r9

00002690 <rand>:
rand():
    2690:	6510      	tpush	{r4, lr}
    2692:	0b0b      	tloadr	r3, [pc, #44]	; (26c0 <rand+0x30>)
    2694:	5819      	tloadr	r1, [r3, #0]
    2696:	f40a      	tshftls	r2, r1, #16
    2698:	fc12      	tshftrs	r2, r2, #16
    269a:	080a      	tloadr	r0, [pc, #40]	; (26c4 <rand+0x34>)
    269c:	0342      	tmuls	r2, r0
    269e:	fc09      	tshftrs	r1, r1, #16
    26a0:	e852      	tadds	r2, r2, r1
    26a2:	501a      	tstorer	r2, [r3, #0]
    26a4:	5858      	tloadr	r0, [r3, #4]
    26a6:	f401      	tshftls	r1, r0, #16
    26a8:	fc09      	tshftrs	r1, r1, #16
    26aa:	0c07      	tloadr	r4, [pc, #28]	; (26c8 <rand+0x38>)
    26ac:	0361      	tmuls	r1, r4
    26ae:	fc00      	tshftrs	r0, r0, #16
    26b0:	e809      	tadds	r1, r1, r0
    26b2:	5059      	tstorer	r1, [r3, #4]
    26b4:	0b05      	tloadr	r3, [pc, #20]	; (26cc <rand+0x3c>)
    26b6:	581b      	tloadr	r3, [r3, #0]
    26b8:	f408      	tshftls	r0, r1, #16
    26ba:	e880      	tadds	r0, r0, r2
    26bc:	0058      	txors	r0, r3
    26be:	6d10      	tpop	{r4, pc}
    26c0:	008464a8 	taddeq	r6, r4, r8, lsr #9
    26c4:	00004650 	tandeq	r4, r0, r0, asr r6
    26c8:	00009069 	tandeq	r9, r0, r9, rrx
    26cc:	00800740 	taddeq	r0, r0, r0, asr #14

000026d0 <blt_event_callback_func>:
blt_event_callback_func():
    26d0:	6510      	tpush	{r4, lr}
    26d2:	f600      	tshftls	r0, r0, #24
    26d4:	fe00      	tshftrs	r0, r0, #24
    26d6:	0b0b      	tloadr	r3, [pc, #44]	; (2704 <blt_event_callback_func+0x34>)
    26d8:	581c      	tloadr	r4, [r3, #0]
    26da:	ac00      	tcmp	r4, #0
    26dc:	c004      	tjeq.n	26e8 <blt_event_callback_func+0x18>
    26de:	a301      	tmovs	r3, #1
    26e0:	0083      	tshftls	r3, r0
    26e2:	021c      	tnand	r4, r3
    26e4:	c108      	tjne.n	26f8 <blt_event_callback_func+0x28>
    26e6:	6d10      	tpop	{r4, pc}
    26e8:	f084      	tshftls	r4, r0, #2
    26ea:	e91b      	tadds	r3, r3, r4
    26ec:	585b      	tloadr	r3, [r3, #4]
    26ee:	ab00      	tcmp	r3, #0
    26f0:	c0f9      	tjeq.n	26e6 <blt_event_callback_func+0x16>
    26f2:	9000 9809 	tjl	2708 <blt_event_callback_func+0x38>
    26f6:	87f6      	tj.n	26e6 <blt_event_callback_func+0x16>
    26f8:	a380      	tmovs	r3, #128	; 0x80
    26fa:	f45b      	tshftls	r3, r3, #17
    26fc:	0318      	tors	r0, r3
    26fe:	900f 9e91 	tjl	12424 <blc_hci_send_event>
    2702:	87f0      	tj.n	26e6 <blt_event_callback_func+0x16>
    2704:	00846770 	taddeq	r6, r4, r0, ror r7
    2708:	0718      	tjex	r3
    270a:	46c0      	tnop			; (mov r8, r8)

0000270c <irq_blc_ll_rx>:
irq_blc_ll_rx():
    270c:	65f0      	tpush	{r4, r5, r6, r7, lr}
    270e:	0657      	tmov	r7, sl
    2710:	064e      	tmov	r6, r9
    2712:	0645      	tmov	r5, r8
    2714:	64e0      	tpush	{r5, r6, r7}
    2716:	6081      	tsub	sp, #4
    2718:	0d84      	tloadr	r5, [pc, #528]	; (292c <irq_blc_ll_rx+0x220>)
    271a:	49ae      	tloadrb	r6, [r5, #6]
    271c:	28a8      	tloadrh	r0, [r5, #4]
    271e:	b801      	tsubs	r0, #1
    2720:	582a      	tloadr	r2, [r5, #0]
    2722:	ec34      	tadds	r4, r6, #0
    2724:	0004      	tands	r4, r0
    2726:	0354      	tmuls	r4, r2
    2728:	0b81      	tloadr	r3, [pc, #516]	; (2930 <irq_blc_ll_rx+0x224>)
    272a:	e8e4      	tadds	r4, r4, r3
    272c:	ec71      	tadds	r1, r6, #1
    272e:	f609      	tshftls	r1, r1, #24
    2730:	fe09      	tshftrs	r1, r1, #24
    2732:	41a9      	tstorerb	r1, [r5, #6]
    2734:	0001      	tands	r1, r0
    2736:	0351      	tmuls	r1, r2
    2738:	e8c9      	tadds	r1, r1, r3
    273a:	f40a      	tshftls	r2, r1, #16
    273c:	fc12      	tshftrs	r2, r2, #16
    273e:	0b7d      	tloadr	r3, [pc, #500]	; (2934 <irq_blc_ll_rx+0x228>)
    2740:	201a      	tstorerh	r2, [r3, #0]
    2742:	a201      	tmovs	r2, #1
    2744:	0b7c      	tloadr	r3, [pc, #496]	; (2938 <irq_blc_ll_rx+0x22c>)
    2746:	201a      	tstorerh	r2, [r3, #0]
    2748:	0b7c      	tloadr	r3, [pc, #496]	; (293c <irq_blc_ll_rx+0x230>)
    274a:	581b      	tloadr	r3, [r3, #0]
    274c:	0699      	tmov	r9, r3
    274e:	a300      	tmovs	r3, #0
    2750:	40a3      	tstorerb	r3, [r4, #2]
    2752:	087b      	tloadr	r0, [pc, #492]	; (2940 <irq_blc_ll_rx+0x234>)
    2754:	0680      	tmov	r8, r0
    2756:	a328      	tmovs	r3, #40	; 0x28
    2758:	1cc3      	tloadrb	r3, [r0, r3]
    275a:	ab06      	tcmp	r3, #6
    275c:	c04a      	tjeq.n	27f4 <irq_blc_ll_rx+0xe8>
    275e:	5823      	tloadr	r3, [r4, #0]
    2760:	4960      	tloadrb	r0, [r4, #5]
    2762:	0682      	tmov	sl, r0
    2764:	a00d      	tmovs	r0, #13
    2766:	ec02      	tadds	r2, r0, #0
    2768:	0452      	tadd	r2, sl
    276a:	0293      	tcmp	r3, r2
    276c:	c02a      	tjeq.n	27c4 <irq_blc_ll_rx+0xb8>
    276e:	a200      	tmovs	r2, #0
    2770:	0690      	tmov	r8, r2
    2772:	0e74      	tloadr	r6, [pc, #464]	; (2944 <irq_blc_ll_rx+0x238>)
    2774:	0f74      	tloadr	r7, [pc, #464]	; (2948 <irq_blc_ll_rx+0x23c>)
    2776:	493b      	tloadrb	r3, [r7, #4]
    2778:	b301      	tadds	r3, #1
    277a:	413b      	tstorerb	r3, [r7, #4]
    277c:	0b73      	tloadr	r3, [pc, #460]	; (294c <irq_blc_ll_rx+0x240>)
    277e:	581b      	tloadr	r3, [r3, #0]
    2780:	ab00      	tcmp	r3, #0
    2782:	c001      	tjeq.n	2788 <irq_blc_ll_rx+0x7c>
    2784:	9000 98f2 	tjl	296c <irq_blc_ll_rx+0x260>
    2788:	a000      	tmovs	r0, #0
    278a:	0580      	tcmp	r8, r0
    278c:	c106      	tjne.n	279c <irq_blc_ll_rx+0x90>
    278e:	49ab      	tloadrb	r3, [r5, #6]
    2790:	bb01      	tsubs	r3, #1
    2792:	41ab      	tstorerb	r3, [r5, #6]
    2794:	f422      	tshftls	r2, r4, #16
    2796:	fc12      	tshftrs	r2, r2, #16
    2798:	0b66      	tloadr	r3, [pc, #408]	; (2934 <irq_blc_ll_rx+0x228>)
    279a:	201a      	tstorerh	r2, [r3, #0]
    279c:	4963      	tloadrb	r3, [r4, #5]
    279e:	e8e3      	tadds	r3, r4, r3
    27a0:	4bd9      	tloadrb	r1, [r3, #15]
    27a2:	a37c      	tmovs	r3, #124	; 0x7c
    27a4:	1cf2      	tloadrb	r2, [r6, r3]
    27a6:	aa00      	tcmp	r2, #0
    27a8:	c00a      	tjeq.n	27c0 <irq_blc_ll_rx+0xb4>
    27aa:	e88a      	tadds	r2, r1, r2
    27ac:	e052      	tasrs	r2, r2, #1
    27ae:	14f2      	tstorerb	r2, [r6, r3]
    27b0:	a301      	tmovs	r3, #1
    27b2:	4023      	tstorerb	r3, [r4, #0]
    27b4:	6001      	tadd	sp, #4
    27b6:	6c1c      	tpop	{r2, r3, r4}
    27b8:	0690      	tmov	r8, r2
    27ba:	0699      	tmov	r9, r3
    27bc:	06a2      	tmov	sl, r4
    27be:	6df0      	tpop	{r4, r5, r6, r7, pc}
    27c0:	14f1      	tstorerb	r1, [r6, r3]
    27c2:	87f5      	tj.n	27b0 <irq_blc_ll_rx+0xa4>
    27c4:	e8e3      	tadds	r3, r4, r3
    27c6:	48db      	tloadrb	r3, [r3, #3]
    27c8:	f7da      	tshftls	r2, r3, #31
    27ca:	c424      	tjmi.n	2816 <irq_blc_ll_rx+0x10a>
    27cc:	0e5d      	tloadr	r6, [pc, #372]	; (2944 <irq_blc_ll_rx+0x238>)
    27ce:	a374      	tmovs	r3, #116	; 0x74
    27d0:	1cf3      	tloadrb	r3, [r6, r3]
    27d2:	ab04      	tcmp	r3, #4
    27d4:	c06c      	tjeq.n	28b0 <irq_blc_ll_rx+0x1a4>
    27d6:	f798      	tshftls	r0, r3, #30
    27d8:	c029      	tjeq.n	282e <irq_blc_ll_rx+0x122>
    27da:	0b5d      	tloadr	r3, [pc, #372]	; (2950 <irq_blc_ll_rx+0x244>)
    27dc:	581b      	tloadr	r3, [r3, #0]
    27de:	ab00      	tcmp	r3, #0
    27e0:	c034      	tjeq.n	284c <irq_blc_ll_rx+0x140>
    27e2:	ec20      	tadds	r0, r4, #0
    27e4:	064a      	tmov	r2, r9
    27e6:	9000 98c1 	tjl	296c <irq_blc_ll_rx+0x260>
    27ea:	f600      	tshftls	r0, r0, #24
    27ec:	fe00      	tshftrs	r0, r0, #24
    27ee:	0680      	tmov	r8, r0
    27f0:	0f55      	tloadr	r7, [pc, #340]	; (2948 <irq_blc_ll_rx+0x23c>)
    27f2:	8021      	tj.n	2838 <irq_blc_ll_rx+0x12c>
    27f4:	0b57      	tloadr	r3, [pc, #348]	; (2954 <irq_blc_ll_rx+0x248>)
    27f6:	485b      	tloadrb	r3, [r3, #1]
    27f8:	ab03      	tcmp	r3, #3
    27fa:	c016      	tjeq.n	282a <irq_blc_ll_rx+0x11e>
    27fc:	4fc2      	tloadrb	r2, [r0, #31]
    27fe:	aa00      	tcmp	r2, #0
    2800:	c00e      	tjeq.n	2820 <irq_blc_ll_rx+0x114>
    2802:	0b55      	tloadr	r3, [pc, #340]	; (2958 <irq_blc_ll_rx+0x24c>)
    2804:	4818      	tloadrb	r0, [r3, #0]
    2806:	bb01      	tsubs	r3, #1
    2808:	481b      	tloadrb	r3, [r3, #0]
    280a:	0298      	tcmp	r0, r3
    280c:	c008      	tjeq.n	2820 <irq_blc_ll_rx+0x114>
    280e:	f1d2      	tshftls	r2, r2, #7
    2810:	0b52      	tloadr	r3, [pc, #328]	; (295c <irq_blc_ll_rx+0x250>)
    2812:	e8d2      	tadds	r2, r2, r3
    2814:	8005      	tj.n	2822 <irq_blc_ll_rx+0x116>
    2816:	a300      	tmovs	r3, #0
    2818:	0698      	tmov	r8, r3
    281a:	0e4a      	tloadr	r6, [pc, #296]	; (2944 <irq_blc_ll_rx+0x238>)
    281c:	0f4a      	tloadr	r7, [pc, #296]	; (2948 <irq_blc_ll_rx+0x23c>)
    281e:	87aa      	tj.n	2776 <irq_blc_ll_rx+0x6a>
    2820:	0a4e      	tloadr	r2, [pc, #312]	; (295c <irq_blc_ll_rx+0x250>)
    2822:	044a      	tadd	r2, r9
    2824:	0b4e      	tloadr	r3, [pc, #312]	; (2960 <irq_blc_ll_rx+0x254>)
    2826:	501a      	tstorer	r2, [r3, #0]
    2828:	8799      	tj.n	275e <irq_blc_ll_rx+0x52>
    282a:	0a4e      	tloadr	r2, [pc, #312]	; (2964 <irq_blc_ll_rx+0x258>)
    282c:	87f9      	tj.n	2822 <irq_blc_ll_rx+0x116>
    282e:	ab08      	tcmp	r3, #8
    2830:	c010      	tjeq.n	2854 <irq_blc_ll_rx+0x148>
    2832:	a200      	tmovs	r2, #0
    2834:	0690      	tmov	r8, r2
    2836:	0f44      	tloadr	r7, [pc, #272]	; (2948 <irq_blc_ll_rx+0x23c>)
    2838:	a200      	tmovs	r2, #0
    283a:	a381      	tmovs	r3, #129	; 0x81
    283c:	14f2      	tstorerb	r2, [r6, r3]
    283e:	879a      	tj.n	2776 <irq_blc_ll_rx+0x6a>
    2840:	0b43      	tloadr	r3, [pc, #268]	; (2950 <irq_blc_ll_rx+0x244>)
    2842:	581b      	tloadr	r3, [r3, #0]
    2844:	ab00      	tcmp	r3, #0
    2846:	c03f      	tjeq.n	28c8 <irq_blc_ll_rx+0x1bc>
    2848:	aa07      	tcmp	r2, #7
    284a:	c0ca      	tjeq.n	27e2 <irq_blc_ll_rx+0xd6>
    284c:	a000      	tmovs	r0, #0
    284e:	0680      	tmov	r8, r0
    2850:	0f3d      	tloadr	r7, [pc, #244]	; (2948 <irq_blc_ll_rx+0x23c>)
    2852:	87f1      	tj.n	2838 <irq_blc_ll_rx+0x12c>
    2854:	a328      	tmovs	r3, #40	; 0x28
    2856:	0640      	tmov	r0, r8
    2858:	1cc2      	tloadrb	r2, [r0, r3]
    285a:	aa04      	tcmp	r2, #4
    285c:	c001      	tjeq.n	2862 <irq_blc_ll_rx+0x156>
    285e:	aa06      	tcmp	r2, #6
    2860:	c1ee      	tjne.n	2840 <irq_blc_ll_rx+0x134>
    2862:	0640      	tmov	r0, r8
    2864:	5ac3      	tloadr	r3, [r0, #44]	; 0x2c
    2866:	ab00      	tcmp	r3, #0
    2868:	c0ea      	tjeq.n	2840 <irq_blc_ll_rx+0x134>
    286a:	a280      	tmovs	r2, #128	; 0x80
    286c:	1cb2      	tloadrb	r2, [r6, r2]
    286e:	aa00      	tcmp	r2, #0
    2870:	c12e      	tjne.n	28d0 <irq_blc_ll_rx+0x1c4>
    2872:	0f35      	tloadr	r7, [pc, #212]	; (2948 <irq_blc_ll_rx+0x23c>)
    2874:	49a9      	tloadrb	r1, [r5, #6]
    2876:	49ea      	tloadrb	r2, [r5, #7]
    2878:	ea89      	tsubs	r1, r1, r2
    287a:	a23f      	tmovs	r2, #63	; 0x3f
    287c:	0011      	tands	r1, r2
    287e:	28aa      	tloadrh	r2, [r5, #4]
    2880:	0291      	tcmp	r1, r2
    2882:	cb06      	tjlt.n	2892 <irq_blc_ll_rx+0x186>
    2884:	a101      	tmovs	r1, #1
    2886:	a281      	tmovs	r2, #129	; 0x81
    2888:	14b1      	tstorerb	r1, [r6, r2]
    288a:	5e71      	tloadr	r1, [r6, #100]	; 0x64
    288c:	a240      	tmovs	r2, #64	; 0x40
    288e:	030a      	tors	r2, r1
    2890:	5672      	tstorer	r2, [r6, #100]	; 0x64
    2892:	a28c      	tmovs	r2, #140	; 0x8c
    2894:	0592      	tcmp	sl, r2
    2896:	c803      	tjhi.n	28a0 <irq_blc_ll_rx+0x194>
    2898:	a281      	tmovs	r2, #129	; 0x81
    289a:	1cb2      	tloadrb	r2, [r6, r2]
    289c:	aa00      	tcmp	r2, #0
    289e:	c01c      	tjeq.n	28da <irq_blc_ll_rx+0x1ce>
    28a0:	ec20      	tadds	r0, r4, #0
    28a2:	0649      	tmov	r1, r9
    28a4:	9000 9862 	tjl	296c <irq_blc_ll_rx+0x260>
    28a8:	f600      	tshftls	r0, r0, #24
    28aa:	fe00      	tshftrs	r0, r0, #24
    28ac:	0680      	tmov	r8, r0
    28ae:	87c3      	tj.n	2838 <irq_blc_ll_rx+0x12c>
    28b0:	0b2d      	tloadr	r3, [pc, #180]	; (2968 <irq_blc_ll_rx+0x25c>)
    28b2:	581b      	tloadr	r3, [r3, #0]
    28b4:	ab00      	tcmp	r3, #0
    28b6:	c007      	tjeq.n	28c8 <irq_blc_ll_rx+0x1bc>
    28b8:	ec20      	tadds	r0, r4, #0
    28ba:	0649      	tmov	r1, r9
    28bc:	9000 9856 	tjl	296c <irq_blc_ll_rx+0x260>
    28c0:	a300      	tmovs	r3, #0
    28c2:	0698      	tmov	r8, r3
    28c4:	0f20      	tloadr	r7, [pc, #128]	; (2948 <irq_blc_ll_rx+0x23c>)
    28c6:	87b7      	tj.n	2838 <irq_blc_ll_rx+0x12c>
    28c8:	a300      	tmovs	r3, #0
    28ca:	0698      	tmov	r8, r3
    28cc:	0f1e      	tloadr	r7, [pc, #120]	; (2948 <irq_blc_ll_rx+0x23c>)
    28ce:	87b3      	tj.n	2838 <irq_blc_ll_rx+0x12c>
    28d0:	0f1d      	tloadr	r7, [pc, #116]	; (2948 <irq_blc_ll_rx+0x23c>)
    28d2:	4939      	tloadrb	r1, [r7, #4]
    28d4:	0291      	tcmp	r1, r2
    28d6:	c2d5      	tjcs.n	2884 <irq_blc_ll_rx+0x178>
    28d8:	87cc      	tj.n	2874 <irq_blc_ll_rx+0x168>
    28da:	ed20      	tadds	r0, r4, #4
    28dc:	a302      	tmovs	r3, #2
    28de:	ec19      	tadds	r1, r3, #0
    28e0:	0451      	tadd	r1, sl
    28e2:	0642      	tmov	r2, r8
    28e4:	5b12      	tloadr	r2, [r2, #48]	; 0x30
    28e6:	0694      	tmov	ip, r2
    28e8:	a234      	tmovs	r2, #52	; 0x34
    28ea:	ec13      	tadds	r3, r2, #0
    28ec:	0443      	tadd	r3, r8
    28ee:	0662      	tmov	r2, ip
    28f0:	97fd 9e12 	tjl	518 <blt_packet_crc24_opt>
    28f4:	3000      	tstorer	r0, [sp, #0]
    28f6:	066b      	tmov	r3, sp
    28f8:	a006      	tmovs	r0, #6
    28fa:	ec01      	tadds	r1, r0, #0
    28fc:	0451      	tadd	r1, sl
    28fe:	481a      	tloadrb	r2, [r3, #0]
    2900:	0694      	tmov	ip, r2
    2902:	1c60      	tloadrb	r0, [r4, r1]
    2904:	a201      	tmovs	r2, #1
    2906:	0584      	tcmp	ip, r0
    2908:	c004      	tjeq.n	2914 <irq_blc_ll_rx+0x208>
    290a:	a381      	tmovs	r3, #129	; 0x81
    290c:	14f2      	tstorerb	r2, [r6, r3]
    290e:	0642      	tmov	r2, r8
    2910:	5ad3      	tloadr	r3, [r2, #44]	; 0x2c
    2912:	87c5      	tj.n	28a0 <irq_blc_ll_rx+0x194>
    2914:	e861      	tadds	r1, r4, r1
    2916:	4858      	tloadrb	r0, [r3, #1]
    2918:	0684      	tmov	ip, r0
    291a:	4848      	tloadrb	r0, [r1, #1]
    291c:	0584      	tcmp	ip, r0
    291e:	c1f4      	tjne.n	290a <irq_blc_ll_rx+0x1fe>
    2920:	489a      	tloadrb	r2, [r3, #2]
    2922:	488b      	tloadrb	r3, [r1, #2]
    2924:	ead2      	tsubs	r2, r2, r3
    2926:	ee53      	tsubs	r3, r2, #1
    2928:	019a      	tsubcs	r2, r3
    292a:	87ee      	tj.n	290a <irq_blc_ll_rx+0x1fe>
    292c:	00844108 	taddeq	r4, r4, r8, lsl #2
    2930:	00843f08 	taddeq	r3, r4, r8, lsl #30
    2934:	00800c08 	taddeq	r0, r0, r8, lsl #24
    2938:	00800f20 	taddeq	r0, r0, r0, lsr #30
    293c:	00800740 	taddeq	r0, r0, r0, asr #14
    2940:	008467f0 	undefined instruction 0x008467f0
    2944:	00846770 	taddeq	r6, r4, r0, ror r7
    2948:	008469c4 	taddeq	r6, r4, r4, asr #19
    294c:	00848fac 	taddeq	r8, r4, ip, lsr #31
    2950:	00848fb4 	undefined instruction 0x00848fb4
    2954:	00846a50 	taddeq	r6, r4, r0, asr sl
    2958:	00800c2b 	taddeq	r0, r0, fp, lsr #24
    295c:	00008340 	tandeq	r8, r0, r0, asr #6
    2960:	00800744 	taddeq	r0, r0, r4, asr #14
    2964:	00014b40 	tandeq	r4, r1, r0, asr #22
    2968:	0084c51c 	taddeq	ip, r4, ip, lsl r5
    296c:	0718      	tjex	r3
    296e:	46c0      	tnop			; (mov r8, r8)

00002970 <irq_ll_system_timer>:
irq_ll_system_timer():
    2970:	6500      	tpush	{lr}
    2972:	a374      	tmovs	r3, #116	; 0x74
    2974:	0a09      	tloadr	r2, [pc, #36]	; (299c <irq_ll_system_timer+0x2c>)
    2976:	1cd3      	tloadrb	r3, [r2, r3]
    2978:	a206      	tmovs	r2, #6
    297a:	021a      	tnand	r2, r3
    297c:	c109      	tjne.n	2992 <irq_ll_system_timer+0x22>
    297e:	ab08      	tcmp	r3, #8
    2980:	c000      	tjeq.n	2984 <irq_ll_system_timer+0x14>
    2982:	6d00      	tpop	{pc}
    2984:	0b06      	tloadr	r3, [pc, #24]	; (29a0 <irq_ll_system_timer+0x30>)
    2986:	5f5b      	tloadr	r3, [r3, #116]	; 0x74
    2988:	ab00      	tcmp	r3, #0
    298a:	c0fa      	tjeq.n	2982 <irq_ll_system_timer+0x12>
    298c:	9000 980a 	tjl	29a4 <irq_ll_system_timer+0x34>
    2990:	87f7      	tj.n	2982 <irq_ll_system_timer+0x12>
    2992:	a001      	tmovs	r0, #1
    2994:	a101      	tmovs	r1, #1
    2996:	900d 987d 	tjl	fa94 <blc_ll_switchScanChannel>
    299a:	87f2      	tj.n	2982 <irq_ll_system_timer+0x12>
    299c:	00846770 	taddeq	r6, r4, r0, ror r7
    29a0:	008467f0 	undefined instruction 0x008467f0
    29a4:	0718      	tjex	r3
    29a6:	46c0      	tnop			; (mov r8, r8)

000029a8 <irq_blt_sdk_handler>:
irq_blt_sdk_handler():
    29a8:	65f0      	tpush	{r4, r5, r6, r7, lr}
    29aa:	0657      	tmov	r7, sl
    29ac:	064e      	tmov	r6, r9
    29ae:	0645      	tmov	r5, r8
    29b0:	64e0      	tpush	{r5, r6, r7}
    29b2:	0c60      	tloadr	r4, [pc, #384]	; (2b34 <irq_blt_sdk_handler+0x18c>)
    29b4:	a37a      	tmovs	r3, #122	; 0x7a
    29b6:	1ce3      	tloadrb	r3, [r4, r3]
    29b8:	ab00      	tcmp	r3, #0
    29ba:	c000      	tjeq.n	29be <irq_blt_sdk_handler+0x16>
    29bc:	8081      	tj.n	2ac2 <irq_blt_sdk_handler+0x11a>
    29be:	0b5e      	tloadr	r3, [pc, #376]	; (2b38 <irq_blt_sdk_handler+0x190>)
    29c0:	281d      	tloadrh	r5, [r3, #0]
    29c2:	f7e8      	tshftls	r0, r5, #31
    29c4:	c500      	tjpl.n	29c8 <irq_blt_sdk_handler+0x20>
    29c6:	8081      	tj.n	2acc <irq_blt_sdk_handler+0x124>
    29c8:	a302      	tmovs	r3, #2
    29ca:	022b      	tnand	r3, r5
    29cc:	c054      	tjeq.n	2a78 <irq_blt_sdk_handler+0xd0>
    29ce:	0a5a      	tloadr	r2, [pc, #360]	; (2b38 <irq_blt_sdk_handler+0x190>)
    29d0:	2013      	tstorerh	r3, [r2, #0]
    29d2:	0b5a      	tloadr	r3, [pc, #360]	; (2b3c <irq_blt_sdk_handler+0x194>)
    29d4:	581b      	tloadr	r3, [r3, #0]
    29d6:	ab00      	tcmp	r3, #0
    29d8:	c100      	tjne.n	29dc <irq_blt_sdk_handler+0x34>
    29da:	80a9      	tj.n	2b30 <irq_blt_sdk_handler+0x188>
    29dc:	0e58      	tloadr	r6, [pc, #352]	; (2b40 <irq_blt_sdk_handler+0x198>)
    29de:	a228      	tmovs	r2, #40	; 0x28
    29e0:	1cb2      	tloadrb	r2, [r6, r2]
    29e2:	aa04      	tcmp	r2, #4
    29e4:	c100      	tjne.n	29e8 <irq_blt_sdk_handler+0x40>
    29e6:	8088      	tj.n	2afa <irq_blt_sdk_handler+0x152>
    29e8:	aa06      	tcmp	r2, #6
    29ea:	c100      	tjne.n	29ee <irq_blt_sdk_handler+0x46>
    29ec:	8085      	tj.n	2afa <irq_blt_sdk_handler+0x152>
    29ee:	5fb3      	tloadr	r3, [r6, #120]	; 0x78
    29f0:	ab00      	tcmp	r3, #0
    29f2:	c004      	tjeq.n	29fe <irq_blt_sdk_handler+0x56>
    29f4:	a27e      	tmovs	r2, #126	; 0x7e
    29f6:	1ca2      	tloadrb	r2, [r4, r2]
    29f8:	aa00      	tcmp	r2, #0
    29fa:	c000      	tjeq.n	29fe <irq_blt_sdk_handler+0x56>
    29fc:	8095      	tj.n	2b2a <irq_blt_sdk_handler+0x182>
    29fe:	a374      	tmovs	r3, #116	; 0x74
    2a00:	1ce3      	tloadrb	r3, [r4, r3]
    2a02:	ab08      	tcmp	r3, #8
    2a04:	c138      	tjne.n	2a78 <irq_blt_sdk_handler+0xd0>
    2a06:	0b4f      	tloadr	r3, [pc, #316]	; (2b44 <irq_blt_sdk_handler+0x19c>)
    2a08:	481a      	tloadrb	r2, [r3, #0]
    2a0a:	bb01      	tsubs	r3, #1
    2a0c:	481b      	tloadrb	r3, [r3, #0]
    2a0e:	ead2      	tsubs	r2, r2, r3
    2a10:	a30f      	tmovs	r3, #15
    2a12:	001a      	tands	r2, r3
    2a14:	c030      	tjeq.n	2a78 <irq_blt_sdk_handler+0xd0>
    2a16:	094c      	tloadr	r1, [pc, #304]	; (2b48 <irq_blt_sdk_handler+0x1a0>)
    2a18:	49cb      	tloadrb	r3, [r1, #7]
    2a1a:	ffd7      	tshftrs	r7, r2, #31
    2a1c:	a000      	tmovs	r0, #0
    2a1e:	a606      	tmovs	r6, #6
    2a20:	0296      	tcmp	r6, r2
    2a22:	0178      	taddcs	r0, r7
    2a24:	a800      	tcmp	r0, #0
    2a26:	c027      	tjeq.n	2a78 <irq_blt_sdk_handler+0xd0>
    2a28:	4988      	tloadrb	r0, [r1, #6]
    2a2a:	0298      	tcmp	r0, r3
    2a2c:	c024      	tjeq.n	2a78 <irq_blt_sdk_handler+0xd0>
    2a2e:	580e      	tloadr	r6, [r1, #0]
    2a30:	06b2      	tmov	sl, r6
    2a32:	0846      	tloadr	r0, [pc, #280]	; (2b4c <irq_blt_sdk_handler+0x1a4>)
    2a34:	0680      	tmov	r8, r0
    2a36:	0e46      	tloadr	r6, [pc, #280]	; (2b50 <irq_blt_sdk_handler+0x1a8>)
    2a38:	06b4      	tmov	ip, r6
    2a3a:	a706      	tmovs	r7, #6
    2a3c:	a000      	tmovs	r0, #0
    2a3e:	0681      	tmov	r9, r0
    2a40:	8002      	tj.n	2a48 <irq_blt_sdk_handler+0xa0>
    2a42:	4988      	tloadrb	r0, [r1, #6]
    2a44:	0298      	tcmp	r0, 